open_time,open,high,low,close,volume,close_time,quote_volume,trades,taker_buy_volume,taker_buy_quote_volume,ignore
1765166400000,134.32000000,136.00000000,134.07000000,135.85000000,370405.37800000,1765180799999,50087267.18601000,202387,197506.04800000,26710052.58454000,0
1765180800000,135.85000000,139.36000000,135.65000000,138.37000000,542414.34500000,1765195199999,74826940.25260000,308298,276150.43000000,38084226.35399000,0
1765195200000,138.37000000,139.32000000,135.24000000,135.55000000,770614.77200000,1765209599999,105848660.94697000,490548,356050.81400000,48941045.80146000,0
1765209600000,135.54000000,136.54000000,133.02000000,133.67000000,655059.64100000,1765223999999,88445096.71587000,450168,306817.51400000,41440849.05952000,0
1765224000000,133.66000000,134.94000000,132.45000000,133.25000000,548610.65100000,1765238399999,73358567.91282000,295917,336180.75200000,44942469.80134000,0
1765238400000,133.24000000,134.42000000,132.47000000,134.18000000,370817.47500000,1765252799999,49385651.80089000,228000,196518.92100000,26181411.41851000,0
1765252800000,134.18000000,134.26000000,131.77000000,133.20000000,383953.54700000,1765267199999,50931068.12822000,184753,173927.44200000,23074774.81785000,0
1765267200000,133.21000000,133.42000000,132.01000000,132.95000000,213047.58100000,1765281599999,28268899.35658000,142637,89086.28900000,11821070.51147000,0
1765281600000,132.95000000,138.50000000,131.62000000,138.45000000,889986.69100000,1765295999999,119964831.96491000,482990,453575.05200000,61128888.33147000,0
1765296000000,138.46000000,144.93000000,138.45000000,142.10000000,1856643.01700000,1765310399999,264459700.84778000,936613,919021.63200000,130822299.17952000,0
1765310400000,142.11000000,142.34000000,136.71000000,137.88000000,794073.72300000,1765324799999,110523538.69042000,447606,379631.40700000,52851259.27433000,0
1765324800000,137.87000000,138.61000000,137.19000000,138.15000000,660905.38400000,1765339199999,91087688.40632000,252744,331550.32900000,45696459.28489000,0
1765339200000,138.15000000,140.22000000,138.05000000,139.20000000,371289.47300000,1765353599999,51644897.73212000,198193,200395.59500000,27877273.39466000,0
1765353600000,139.20000000,139.88000000,136.33000000,137.24000000,512812.66700000,1765367999999,70764410.22075000,288819,268626.49500000,37097823.00703000,0
1765368000000,137.23000000,138.16000000,135.71000000,136.17000000,485961.30200000,1765382399999,66591519.66308000,330345,241011.97000000,33041910.13028000,0
1765382400000,136.16000000,139.64000000,135.73000000,138.67000000,1261516.67700000,1765396799999,173647924.52418000,831200,625747.75100000,86133611.10653000,0
1765396800000,138.67000000,142.57000000,135.39000000,136.26000000,1227744.77300000,1765411199999,170809565.48079000,716043,620315.08600000,86371712.06171000,0
1765411200000,136.26000000,136.43000000,129.00000000,129.39000000,1248018.99000000,1765425599999,164594488.24366000,601889,563241.63100000,74283634.13896000,0
1765425600000,129.39000000,131.52000000,129.04000000,131.03000000,542883.63600000,1765439999999,70919227.39204000,302668,277652.98700000,36272743.59558000,0
1765440000000,131.03000000,131.41000000,130.15000000,130.93000000,321975.14900000,1765454399999,42146018.22993000,172203,146368.65500000,19160781.60317000,0
1765454400000,130.93000000,132.82000000,129.84000000,131.18000000,566748.18100000,1765468799999,74357944.73474000,395429,275475.11800000,36164047.67358000,0
1765468800000,131.17000000,135.58000000,130.12000000,133.91000000,856553.78000000,1765483199999,114400332.38936000,441095,407262.39600000,54385611.34565000,0
1765483200000,133.90000000,137.79000000,133.82000000,136.41000000,841517.30000000,1765497599999,114844357.20552000,440058,391904.65900000,53482567.94101000,0
1765497600000,136.41000000,137.95000000,135.35000000,137.08000000,459234.10500000,1765511999999,62832505.87962000,281437,260500.00100000,35638900.97637000,0
1765512000000,137.08000000,140.12000000,136.52000000,139.09000000,578561.57400000,1765526399999,80158111.60739000,272724,333579.90700000,46196906.53048000,0
1765526400000,139.09000000,139.15000000,137.19000000,138.71000000,429778.28400000,1765540799999,59349433.92595000,220603,194301.01400000,26844919.79052000,0
1765540800000,138.72000000,139.86000000,132.85000000,133.49000000,1072554.74900000,1765555199999,146731220.77427000,545214,509849.25200000,69791616.50038000,0
1765555200000,133.48000000,133.95000000,130.35000000,131.27000000,1096274.01300000,1765569599999,145077796.84896000,672185,528539.33300000,69980560.63195000,0
1765569600000,131.27000000,133.07000000,131.00000000,132.27000000,369205.53700000,1765583999999,48765497.15321000,207936,183562.05800000,24238885.73853000,0
1765584000000,132.28000000,133.00000000,132.28000000,132.88000000,226995.39100000,1765598399999,30116899.82233000,96843,91953.51100000,12201312.90606000,0
1765598400000,132.88000000,133.02000000,132.33000000,132.93000000,148161.67600000,1765612799999,19664626.40781000,62473,72782.41200000,9663929.24101000,0
1765612800000,132.94000000,134.28000000,132.93000000,133.32000000,341456.62600000,1765627199999,45664393.05024000,143471,143496.93900000,19187886.63204000,0
1765627200000,133.31000000,133.68000000,132.61000000,133.31000000,230235.88200000,1765641599999,30657996.60766000,135661,95195.89500000,12677284.23365000,0
1765641600000,133.30000000,133.82000000,132.11000000,132.72000000,306223.43200000,1765655999999,40598718.87241000,126530,195980.72800000,25975091.28091000,0
1765656000000,132.73000000,133.27000000,131.60000000,133.14000000,219410.72800000,1765670399999,29087930.14743000,102067,94637.63300000,12538086.48195000,0
1765670400000,133.13000000,133.66000000,132.71000000,132.95000000,180565.01300000,1765684799999,24056794.31573000,83185,85471.16300000,11384117.90291000,0
1765684800000,132.95000000,133.39000000,132.08000000,133.29000000,166985.07200000,1765699199999,22142024.20561000,72302,97069.89400000,12866928.81073000,0
1765699200000,133.28000000,133.50000000,130.14000000,131.47000000,483157.35000000,1765713599999,63704156.82015000,213874,207869.29000000,27403343.73148000,0
1765713600000,131.46000000,131.90000000,130.33000000,130.67000000,237483.44000000,1765727999999,31148450.84376000,183517,109511.30500000,14367786.56034000,0
1765728000000,130.67000000,131.60000000,129.40000000,130.31000000,292036.32400000,1765742399999,38041407.28996000,183312,134505.03400000,17525341.28851000,0
1765742400000,130.30000000,130.80000000,127.98000000,129.40000000,371387.43800000,1765756799999,48079971.02634000,225435,162393.01200000,21043122.94425000,0
1765756800000,129.39000000,133.25000000,129.29000000,131.16000000,436829.08200000,1765771199999,57393030.17218000,283590,221029.44200000,29013225.86674000,0
1765771200000,131.17000000,132.71000000,130.88000000,132.34000000,278768.45900000,1765785599999,36786026.05934000,114865,127019.84300000,16758312.68259000,0
1765785600000,132.34000000,133.03000000,132.06000000,132.26000000,255593.53600000,1765799999999,33867379.57539000,121182,117701.81200000,15596470.17468000,0
1765800000000,132.25000000,135.43000000,126.45000000,126.89000000,1435432.87600000,1765814399999,187134915.23735000,773398,730439.30600000,95182843.29066000,0
1765814400000,126.89000000,127.30000000,123.63000000,125.02000000,995885.89300000,1765828799999,125059028.03955000,582916,532724.73700000,66911761.86010000,0
1765828800000,125.01000000,127.87000000,123.88000000,127.81000000,519921.15400000,1765843199999,65332040.19081000,261278,256098.00100000,32208397.77069000,0
1765843200000,127.81000000,128.03000000,124.94000000,126.51000000,378647.20400000,1765857599999,47928973.23588000,273164,185145.47600000,23444093.77286000,0
1765857600000,126.50000000,127.48000000,124.87000000,125.57000000,313403.32700000,1765871999999,39572314.56247000,189467,120130.71300000,15172945.13674000,0
1765872000000,125.57000000,129.04000000,125.43000000,128.63000000,442177.13800000,1765886399999,56309554.74056000,262597,217865.43900000,27773048.26203000,0
1765886400000,128.62000000,130.14000000,126.11000000,129.75000000,964353.12100000,1765900799999,123738784.37095000,621274,450517.16800000,57851979.24059000,0
1765900800000,129.75000000,129.85000000,126.77000000,127.73000000,490608.45300000,1765915199999,62804303.95056000,330248,270242.06900000,34591953.43491000,0
1765915200000,127.72000000,129.52000000,127.43000000,129.15000000,295594.75500000,1765929599999,37964684.30971000,166834,155765.14900000,20001336.19799000,0
1765929600000,129.15000000,129.82000000,128.21000000,128.24000000,274681.22500000,1765943999999,35419019.13195000,165048,140960.78700000,18173772.86540000,0
1765944000000,128.25000000,128.57000000,127.02000000,128.27000000,212978.94100000,1765958399999,27228472.96654000,143035,111259.08200000,14227185.96672000,0
1765958400000,128.26000000,128.26000000,125.96000000,127.62000000,348417.32900000,1765972799999,44275415.76438000,149954,162016.91300000,20580843.41517000,0
1765972800000,127.62000000,133.99000000,126.58000000,126.77000000,1751793.85200000,1765987199999,227884428.95216000,829682,843526.94900000,109771882.57053000,0
1765987200000,126.76000000,127.98000000,121.36000000,122.39000000,1509621.61700000,1766001599999,186873250.69346000,846602,736731.33800000,91158430.20847000,0
1766001600000,122.39000000,123.76000000,121.95000000,123.27000000,428087.25200000,1766015999999,52631986.88263000,223533,258429.99300000,31771907.59209000,0
1766016000000,123.28000000,124.16000000,122.98000000,123.65000000,269021.74400000,1766030399999,33224507.57534000,169799,136942.95900000,16914114.91439000,0
1766030400000,123.64000000,124.13000000,122.21000000,122.83000000,274154.78500000,1766044799999,33735067.21116000,138465,136956.20500000,16855017.51075000,0
1766044800000,122.83000000,124.15000000,122.46000000,124.07000000,308080.36100000,1766059199999,38044530.79606000,163965,149849.94000000,18501531.74240000,0
1766059200000,124.07000000,129.05000000,123.65000000,127.40000000,1416724.35700000,1766073599999,179082890.65472000,735413,743139.17300000,93970513.75143000,0
1766073600000,127.41000000,127.50000000,117.44000000,117.56000000,1725114.04400000,1766087999999,210483992.67390000,820505,826300.74100000,100881601.44713000,0
1766088000000,117.55000000,120.20000000,116.88000000,119.60000000,797699.71700000,1766102399999,94705525.06445000,391470,462544.49600000,54926869.09997000,0
1766102400000,119.60000000,122.54000000,117.61000000,121.59000000,620548.23600000,1766116799999,74434413.50677000,403858,319859.00300000,38371534.57568000,0
1766116800000,121.58000000,125.34000000,121.35000000,124.44000000,766760.88300000,1766131199999,94387781.34053000,349333,408239.37100000,50287704.57918000,0
1766131200000,124.43000000,125.74000000,123.86000000,125.36000000,429965.69500000,1766145599999,53686362.60644000,219913,247424.63600000,30894723.14420000,0
1766145600000,125.36000000,127.66000000,124.68000000,125.09000000,1032574.73000000,1766159999999,129935551.75233000,514559,438607.64400000,55234164.32829000,0
1766160000000,125.09000000,126.97000000,123.59000000,126.25000000,787628.90000000,1766174399999,98711838.26478000,394892,417345.86200000,52326037.97275000,0
1766174400000,126.25000000,127.87000000,126.08000000,126.27000000,453070.14800000,1766188799999,57468645.74759000,199516,236080.38400000,29952029.16332000,0
1766188800000,126.27000000,126.49000000,125.30000000,126.21000000,211468.40300000,1766203199999,26615978.68167000,97165,113366.67200000,14268061.17736000,0
1766203200000,126.21000000,126.69000000,125.87000000,126.17000000,171149.66500000,1766217599999,21609795.59171000,83405,96079.89500000,12133215.64122000,0
1766217600000,126.18000000,126.89000000,125.87000000,126.47000000,185508.42000000,1766231999999,23448185.07527000,79176,80529.43900000,10180081.45596000,0
1766232000000,126.47000000,126.67000000,125.45000000,126.58000000,299054.26600000,1766246399999,37710238.07485000,93683,99049.06200000,12490673.35146000,0
1766246400000,126.59000000,126.71000000,125.75000000,126.05000000,171313.72000000,1766260799999,21610834.46603000,68637,93981.17200000,11851834.66598000,0
1766260800000,126.05000000,126.55000000,125.63000000,125.81000000,190859.11200000,1766275199999,24075581.17586000,66140,87919.35400000,11084503.68258000,0
1766275200000,125.80000000,126.11000000,124.68000000,125.22000000,302141.19000000,1766289599999,37869503.13631000,94994,175437.64000000,21993917.45526000,0
1766289600000,125.22000000,125.54000000,125.07000000,125.30000000,88267.39300000,1766303999999,11061630.47389000,49096,42884.64400000,5374077.56254000,0
1766304000000,125.29000000,126.62000000,124.80000000,125.48000000,338562.93700000,1766318399999,42588352.95367000,142650,189939.34300000,23887712.73119000,0
1766318400000,125.47000000,126.06000000,123.40000000,125.05000000,489203.85800000,1766332799999,60950596.94197000,280058,225598.78500000,28105185.80516000,0
1766332800000,125.05000000,126.35000000,124.37000000,125.67000000,392876.60100000,1766347199999,49281716.94911000,153936,164312.97400000,20608836.07988000,0
1766347200000,125.67000000,126.30000000,124.70000000,126.03000000,201051.21000000,1766361599999,25257525.10887000,118830,90777.86500000,11400152.14368000,0
1766361600000,126.03000000,128.56000000,124.50000000,126.02000000,633482.79000000,1766375999999,80071518.98145000,348886,344825.00400000,43575925.52237000,0
1766376000000,126.02000000,126.73000000,125.56000000,126.31000000,210045.45200000,1766390399999,26520846.59488000,92934,108652.21400000,13717057.46531000,0
1766390400000,126.30000000,127.46000000,125.49000000,127.01000000,323742.17400000,1766404799999,40957003.94421000,127362,169515.91200000,21440633.63653000,0
1766404800000,127.00000000,128.78000000,126.32000000,128.07000000,599849.00700000,1766419199999,76377852.40899000,284423,294112.45700000,37450207.46387000,0
1766419200000,128.07000000,128.37000000,124.64000000,124.66000000,544203.63300000,1766433599999,68874391.13914000,230999,295986.93400000,37453382.94105000,0
1766433600000,124.66000000,126.03000000,124.20000000,125.93000000,356266.09000000,1766447999999,44555372.54777000,197459,177681.74600000,22224598.73647000,0
1766448000000,125.93000000,126.93000000,124.90000000,125.63000000,273669.61800000,1766462399999,34486070.34997000,167122,138625.81300000,17467603.71199000,0
1766462400000,125.62000000,126.08000000,123.77000000,124.19000000,334611.57800000,1766476799999,41690733.10107000,169590,181162.06200000,22568194.25409000,0
1766476800000,124.19000000,125.23000000,123.93000000,124.86000000,238892.95300000,1766491199999,29744889.56260000,100458,115269.05600000,14352538.98207000,0
1766491200000,124.85000000,124.93000000,122.16000000,123.37000000,625019.38000000,1766505599999,77060437.12984000,350399,284282.13700000,35057163.49971000,0
1766505600000,123.36000000,124.94000000,122.78000000,123.99000000,591863.21600000,1766519999999,73437945.31873000,245131,247862.86300000,30746206.29144000,0
1766520000000,123.99000000,125.65000000,123.46000000,124.01000000,375974.12700000,1766534399999,46738614.53823000,181638,205697.52100000,25562229.02177000,0
1766534400000,124.02000000,124.30000000,121.76000000,122.72000000,288504.20000000,1766548799999,35436336.64092000,159669,144291.93600000,17731018.21887000,0
1766548800000,122.71000000,123.06000000,120.63000000,121.31000000,296196.66900000,1766563199999,36023750.59145000,164714,139832.89400000,17010411.00826000,0
1766563200000,121.32000000,122.23000000,121.11000000,122.04000000,223635.01600000,1766577599999,27221198.04871000,116646,128971.67300000,15701114.00156000,0
1766577600000,122.04000000,122.94000000,120.70000000,122.73000000,334516.13600000,1766591999999,40799228.33257000,204815,180330.05600000,22003208.19492000,0
1766592000000,122.73000000,123.46000000,121.77000000,122.86000000,282750.28400000,1766606399999,34675986.43091000,165846,152173.03200000,18660124.56394000,0
1766606400000,122.86000000,123.40000000,122.47000000,122.53000000,179848.19300000,1766620799999,22109834.84455000,79529,78472.64600000,9649062.72032000,0
1766620800000,122.52000000,123.15000000,122.09000000,122.70000000,124534.62300000,1766635199999,15275244.99166000,61502,73520.36000000,9018449.45497000,0
1766635200000,122.70000000,122.86000000,122.10000000,122.27000000,192052.35600000,1766649599999,23500006.36441000,54313,117462.84400000,14371347.19438000,0
1766649600000,122.27000000,122.65000000,121.31000000,121.65000000,221848.71100000,1766663999999,27038303.99729000,89186,105862.88500000,12902422.08439000,0
1766664000000,121.65000000,124.10000000,121.58000000,123.68000000,304384.61800000,1766678399999,37402937.59866000,117262,143786.17500000,17654861.89950000,0
1766678400000,123.68000000,124.46000000,122.80000000,123.47000000,456622.36500000,1766692799999,56515302.51071000,130916,201924.94700000,24986308.67071000,0
1766692800000,123.47000000,123.52000000,119.71000000,120.06000000,518882.47500000,1766707199999,62934217.93337000,167584,246754.64900000,29940317.72453000,0
1766707200000,120.05000000,124.39000000,119.24000000,122.67000000,1039854.91100000,1766721599999,127173284.17623000,306158,479661.04900000,58619457.01864000,0
1766721600000,122.67000000,123.99000000,121.80000000,122.72000000,385175.70900000,1766735999999,47407525.19395000,138709,229621.13900000,28256097.98239000,0
1766736000000,122.71000000,124.13000000,122.29000000,123.84000000,447196.92100000,1766750399999,55123643.92118000,132061,291371.38100000,35899496.14212000,0
1766750400000,123.83000000,125.14000000,120.45000000,121.55000000,920653.67500000,1766764799999,112950676.45400000,408113,491411.20400000,60274841.13901000,0
1766764800000,121.55000000,122.40000000,121.17000000,122.15000000,340435.31800000,1766779199999,41514267.68770000,173028,134544.61900000,16405030.71588000,0
1766779200000,122.16000000,122.67000000,121.82000000,122.26000000,193200.02800000,1766793599999,23624392.16774000,84726,83311.91800000,10187925.22406000,0
1766793600000,122.27000000,123.80000000,121.86000000,123.67000000,340920.47500000,1766807999999,41806552.78400000,72076,193580.30600000,23723868.36649000,0
1766808000000,123.67000000,123.74000000,122.77000000,123.16000000,158392.77200000,1766822399999,19505715.74061000,63137,78298.88400000,9640725.00261000,0
1766822400000,123.15000000,123.34000000,122.51000000,122.99000000,130349.40100000,1766836799999,16031438.21191000,70453,74851.09800000,9206788.42937000,0
1766836800000,122.98000000,123.66000000,122.74000000,123.31000000,128455.59300000,1766851199999,15820143.12060000,73126,62004.37400000,7637287.31906000,0
1766851200000,123.32000000,123.45000000,122.76000000,123.28000000,201980.95700000,1766865599999,24867407.89235000,72572,114844.57800000,14131476.10997000,0
1766865600000,123.27000000,125.08000000,123.27000000,124.73000000,397702.91400000,1766879999999,49396377.89704000,107250,181835.82000000,22589918.64715000,0
1766880000000,124.74000000,124.90000000,123.90000000,124.13000000,188257.14400000,1766894399999,23392082.77614000,76420,109111.08600000,13555669.72564000,0
1766894400000,124.12000000,124.34000000,123.61000000,124.23000000,132623.89700000,1766908799999,16450541.49108000,59589,53925.47000000,6688354.05801000,0
1766908800000,124.23000000,124.84000000,124.00000000,124.65000000,210645.39700000,1766923199999,26214190.67056000,72954,101156.41300000,12588512.95490000,0
1766923200000,124.65000000,125.03000000,124.30000000,124.44000000,246329.39700000,1766937599999,30711039.11572000,86960,129346.04400000,16129986.42475000,0
1766937600000,124.44000000,124.77000000,123.08000000,123.30000000,527227.82200000,1766951999999,65225149.32860000,122335,344720.49100000,42637696.42365000,0
1766952000000,123.30000000,125.64000000,123.10000000,125.27000000,523876.79400000,1766966399999,65056717.54018000,101035,262894.13000000,32650063.59849000,0
1766966400000,125.27000000,130.16000000,125.01000000,128.58000000,1570857.08600000,1766980799999,201295623.71138000,465026,815172.01300000,104410061.12487000,0
1766980800000,128.58000000,129.15000000,127.20000000,127.88000000,540783.50300000,1766995199999,69312869.97861000,164700,255498.29700000,32749649.52244000,0
1766995200000,127.88000000,128.47000000,125.01000000,125.08000000,644155.68100000,1767009599999,81452883.20962000,208931,327689.82300000,41430582.93297000,0
1767009600000,125.08000000,125.41000000,122.36000000,123.44000000,961859.69900000,1767023999999,118921139.15025000,406549,466210.69400000,57636716.90771000,0
1767024000000,123.43000000,123.98000000,122.63000000,123.06000000,366732.97200000,1767038399999,45220683.31094000,182632,190925.44500000,23544295.83267000,0
1767038400000,123.07000000,123.62000000,122.86000000,123.28000000,223206.16400000,1767052799999,27520105.14825000,97437,115242.44400000,14208244.68498000,0
1767052800000,123.28000000,123.93000000,122.58000000,123.80000000,212290.37100000,1767067199999,26149466.12632000,110172,108434.63900000,13359144.70505000,0
1767067200000,123.79000000,124.35000000,123.20000000,124.02000000,292747.34500000,1767081599999,36279457.14843000,95497,114783.89100000,14220354.36501000,0
1767081600000,124.02000000,125.15000000,124.00000000,124.30000000,399345.68800000,1767095999999,49778285.82730000,146985,209933.92300000,26155635.28548000,0
1767096000000,124.29000000,125.35000000,123.54000000,125.16000000,561575.42400000,1767110399999,69881078.39371000,255439,323522.47800000,40257198.94576000,0
1767110400000,125.16000000,126.52000000,123.78000000,124.71000000,695920.33200000,1767124799999,87020374.14522000,237550,371697.72300000,46418736.64513000,0
1767124800000,124.71000000,125.14000000,123.50000000,125.01000000,318752.35600000,1767139199999,39622115.84164000,110062,153770.58700000,19099200.35075000,0
1767139200000,125.02000000,126.09000000,124.41000000,125.82000000,385546.72600000,1767153599999,48335889.02357000,154447,143805.52800000,18039016.40862000,0
1767153600000,125.81000000,126.10000000,125.38000000,125.99000000,204182.58600000,1767167999999,25681577.59180000,81575,76037.75500000,9562717.92327000,0
1767168000000,125.99000000,126.85000000,125.44000000,126.73000000,254276.09300000,1767182399999,32078458.22865000,99708,118539.01600000,14955840.38403000,0
1767182400000,126.73000000,127.44000000,125.01000000,125.59000000,484377.04900000,1767196799999,60987203.64410000,216339,256988.01400000,32357427.05767000,0
1767196800000,125.58000000,125.74000000,124.31000000,124.39000000,323537.14000000,1767211199999,40423429.85507000,161775,168932.63000000,21107515.62016000,0
1767211200000,124.38000000,132.75000000,122.99000000,124.65000000,1289724.06400000,1767225599999,160987036.35065000,252868,747188.32500000,93619851.36404000,0
1767225600000,124.64000000,125.80000000,124.60000000,125.21000000,245926.33800000,1767239999999,30792108.70020000,86575,103201.29600000,12919025.55921000,0
1767240000000,125.22000000,125.32000000,124.22000000,124.24000000,156389.37900000,1767254399999,19530531.04779000,58019,79393.65400000,9910199.10046000,0
1767254400000,124.24000000,125.29000000,124.15000000,125.22000000,343252.97700000,1767268799999,42883081.07871000,72509,118749.11400000,14819778.43478000,0
1767268800000,125.23000000,125.28000000,124.39000000,124.96000000,310752.54900000,1767283199999,38785419.51889000,83844,198539.43000000,24769356.11007000,0
1767283200000,124.96000000,125.79000000,124.28000000,125.76000000,384537.99300000,1767297599999,48096471.97363000,107081,187577.10300000,23447440.57518000,0
1767297600000,125.76000000,127.25000000,125.31000000,126.90000000,292805.74200000,1767311999999,36981335.83693000,107229,165511.49500000,20896486.76008000,0
1767312000000,126.91000000,127.99000000,125.84000000,127.53000000,380568.16200000,1767326399999,48243816.90087000,170511,211855.87500000,26854025.76045000,0
1767326400000,127.53000000,127.72000000,126.75000000,127.13000000,180338.21500000,1767340799999,22948909.89399000,98586,82668.16900000,10520936.69615000,0
1767340800000,127.14000000,129.99000000,127.13000000,128.22000000,625544.28500000,1767355199999,80602494.89769000,209640,319956.53800000,41237516.41928000,0
1767355200000,128.21000000,129.65000000,126.82000000,128.98000000,627670.56000000,1767369599999,80549779.62521000,314979,315601.76100000,40511934.98763000,0
1767369600000,128.98000000,132.30000000,128.68000000,131.63000000,745970.82000000,1767383999999,97717009.71115000,381645,388735.58500000,50911651.58913000,0
1767384000000,131.63000000,133.25000000,130.83000000,132.29000000,364135.33000000,1767398399999,48151176.55226000,173593,203923.40300000,26975189.30845000,0
1767398400000,132.28000000,133.17000000,132.06000000,132.83000000,270844.66500000,1767412799999,35911237.78781000,117584,125651.63300000,16657933.52519000,0
1767412800000,132.83000000,132.93000000,129.60000000,130.10000000,368318.03600000,1767427199999,48320396.72866000,149792,144342.12800000,18932849.31941000,0
1767427200000,130.09000000,131.44000000,129.80000000,130.71000000,253605.01000000,1767441599999,33170785.96602000,109597,129306.16200000,16912380.43703000,0
1767441600000,130.71000000,132.18000000,130.50000000,131.47000000,238562.33700000,1767455999999,31340211.09128000,91706,144111.90400000,18931805.00334000,0
1767456000000,131.48000000,132.12000000,131.47000000,131.78000000,150725.72900000,1767470399999,19872908.18459000,63126,77775.47300000,10255505.74929000,0
1767470400000,131.78000000,133.99000000,131.35000000,133.37000000,238567.72200000,1767484799999,31680381.79928000,105235,129454.49500000,17194982.65751000,0
1767484800000,133.37000000,134.97000000,133.31000000,134.62000000,397085.18100000,1767499199999,53272337.79869000,209361,200096.43300000,26851648.32828000,0
1767499200000,134.62000000,135.00000000,133.66000000,133.80000000,302385.36600000,1767513599999,40602557.97371000,126575,142868.44500000,19188192.30468000,0
1767513600000,133.80000000,134.88000000,133.20000000,134.39000000,263179.19300000,1767527999999,35308006.93274000,126359,119531.99300000,16041760.53449000,0
1767528000000,134.39000000,135.35000000,133.75000000,134.91000000,350770.21600000,1767542399999,47230596.71699000,141649,172998.35500000,23295827.32595000,0
1767542400000,134.91000000,135.54000000,133.12000000,133.56000000,339599.21700000,1767556799999,45615561.60960000,168253,169336.55000000,22741323.27706000,0
1767556800000,133.55000000,134.86000000,133.40000000,134.12000000,156249.94000000,1767571199999,20956108.51935000,120662,86186.53900000,11559518.15259000,0
1767571200000,134.12000000,137.75000000,134.01000000,136.64000000,651880.99300000,1767585599999,88725072.38784000,314876,326555.71200000,44460420.06627000,0
1767585600000,136.64000000,136.79000000,134.63000000,135.45000000,328811.12500000,1767599999999,44568740.82590000,157944,140602.28600000,19060149.75153000,0
1767600000000,135.45000000,136.06000000,134.75000000,135.77000000,342758.22400000,1767614399999,46426692.77805000,155829,172308.89100000,23344067.37173000,0
1767614400000,135.77000000,136.47000000,133.18000000,136.13000000,798861.98300000,1767628799999,107585173.11454000,404665,418523.03200000,56379794.07018000,0
1767628800000,136.13000000,138.82000000,134.31000000,138.23000000,765477.73700000,1767643199999,104640690.39478000,355141,421029.24500000,57554025.79210000,0
1767643200000,138.23000000,139.87000000,137.72000000,137.90000000,439777.42200000,1767657599999,60964714.76301000,244690,233582.39000000,32388408.52009000,0
1767657600000,137.91000000,138.63000000,136.89000000,138.38000000,341713.20900000,1767671999999,47069579.97733000,235351,169243.75000000,23319195.50985000,0
1767672000000,138.38000000,140.08000000,137.35000000,137.61000000,507045.10500000,1767686399999,70367859.92932000,231975,260440.74600000,36166183.09081000,0
1767686400000,137.60000000,139.70000000,137.40000000,139.50000000,416041.92800000,1767700799999,57541435.46761000,193028,215356.95400000,29792849.30889000,0
1767700800000,139.50000000,143.48000000,138.72000000,141.60000000,1164131.17300000,1767715199999,164801700.92356000,498785,597248.73400000,84570468.00731000,0
1767715200000,141.59000000,141.95000000,136.19000000,137.53000000,841636.85200000,1767729599999,116454819.35992000,443458,375110.30700000,51881283.60252000,0
1767729600000,137.53000000,141.99000000,137.51000000,141.08000000,501226.85000000,1767743999999,70255836.32246000,274803,262275.37700000,36733160.14918000,0
1767744000000,141.08000000,141.40000000,138.52000000,139.58000000,365641.21000000,1767758399999,51093986.13480000,246316,176304.27200000,24643655.29908000,0
1767758400000,139.59000000,139.72000000,138.15000000,139.39000000,254909.39200000,1767772799999,35416290.57593000,132956,115426.86900000,16036253.74647000,0
1767772800000,139.39000000,139.80000000,136.56000000,137.93000000,475525.66200000,1767787199999,65538390.50280000,253728,225064.65200000,31013255.60404000,0
1767787200000,137.93000000,138.51000000,135.25000000,135.70000000,569355.22100000,1767801599999,77942220.63185000,365830,273971.92800000,37524090.71246000,0
1767801600000,135.70000000,136.68000000,134.41000000,135.76000000,401993.74800000,1767815999999,54507491.42299000,263479,201052.05800000,27265489.43105000,0
1767816000000,135.76000000,137.05000000,135.00000000,136.39000000,254216.94500000,1767830399999,34642070.53741000,162355,143104.04100000,19512034.71247000,0
1767830400000,136.39000000,138.32000000,136.00000000,136.75000000,382004.00800000,1767844799999,52423006.61014000,203648,203608.30800000,27952254.83765000,0
1767844800000,136.74000000,138.33000000,133.79000000,135.90000000,493314.37100000,1767859199999,67082791.27567000,258413,216966.55000000,29520339.68243000,0
1767859200000,135.90000000,136.22000000,133.92000000,134.79000000,323607.29400000,1767873599999,43657144.00294000,172941,160925.48600000,21711394.65508000,0
1767873600000,134.80000000,136.55000000,132.67000000,136.41000000,663928.57600000,1767887999999,89170193.22861000,351395,317384.42500000,42638873.78672000,0
1767888000000,136.41000000,139.06000000,136.25000000,137.53000000,635387.08500000,1767902399999,87589046.65627000,343653,339899.13400000,46869302.44555000,0
1767902400000,137.53000000,140.07000000,136.52000000,138.37000000,615196.50100000,1767916799999,85289691.28988000,225613,331514.70500000,45974834.02659000,0
1767916800000,138.37000000,141.17000000,137.74000000,140.81000000,657548.76800000,1767931199999,91636975.09729000,214429,326052.09700000,45457029.20338000,0
1767931200000,140.81000000,141.08000000,139.46000000,139.54000000,371513.45800000,1767945599999,52087555.99697000,150957,173295.15400000,24292126.46979000,0
1767945600000,139.55000000,139.68000000,137.04000000,138.28000000,621265.56500000,1767959999999,86061808.99436000,211942,329712.35900000,45672029.29573000,0
1767960000000,138.27000000,140.89000000,136.13000000,138.82000000,965343.63900000,1767974399999,133386684.53295000,462609,526865.86800000,72822315.65600000,0
1767974400000,138.82000000,140.25000000,135.44000000,135.81000000,776742.65700000,1767988799999,107055990.01914000,334133,387963.56200000,53543199.47719000,0
1767988800000,135.80000000,136.45000000,134.98000000,135.97000000,386133.90900000,1768003199999,52441148.09880000,185357,172064.74200000,23368664.45292000,0
1768003200000,135.96000000,136.69000000,135.68000000,136.15000000,206284.98000000,1768017599999,28085714.01417000,81124,100773.00300000,13724875.93046000,0
1768017600000,136.15000000,136.34000000,135.75000000,136.09000000,127461.09400000,1768031999999,17334673.85025000,67939,48554.74200000,6603527.69088000,0
1768032000000,136.09000000,137.05000000,136.00000000,136.58000000,203467.60100000,1768046399999,27782637.24753000,74865,115664.73300000,15798299.51859000,0
1768046400000,136.58000000,137.04000000,136.01000000,136.42000000,180816.34700000,1768060799999,24666020.11098000,77024,85455.51900000,11656788.07312000,0
1768060800000,136.42000000,136.71000000,135.85000000,136.22000000,163655.47000000,1768075199999,22291662.44222000,59343,85652.75000000,11667737.32665000,0
1768075200000,136.22000000,136.27000000,135.37000000,135.84000000,119151.51200000,1768089599999,16185623.13286000,59333,59650.11300000,8104264.33707000,0
1768089600000,135.85000000,136.47000000,135.75000000,136.26000000,140444.87400000,1768103999999,19121817.61066000,60408,84302.94400000,11477447.54692000,0
1768104000000,136.26000000,136.43000000,135.88000000,136.20000000,118593.44300000,1768118399999,16150568.70725000,47642,63946.89400000,8709136.48838000,0
1768118400000,136.20000000,136.91000000,136.10000000,136.58000000,197166.95800000,1768132799999,26933504.90662000,69769,97066.91800000,13260168.98157000,0
1768132800000,136.58000000,139.55000000,136.52000000,138.43000000,474319.40600000,1768147199999,65493580.44937000,152685,253352.88500000,34952844.22653000,0
1768147200000,138.44000000,141.60000000,138.43000000,139.43000000,775597.18400000,1768161599999,108676774.54759000,270441,432751.52500000,60627053.66324000,0
1768161600000,139.42000000,139.77000000,137.49000000,139.70000000,503791.34100000,1768175999999,69809160.53696000,256887,280240.20500000,38816532.15486000,0
1768176000000,139.69000000,144.40000000,138.92000000,142.54000000,1277457.95100000,1768190399999,180829474.04419000,458631,619377.52800000,87737645.22368000,0
1768190400000,142.54000000,143.35000000,141.36000000,141.41000000,430457.21100000,1768204799999,61294728.76858000,176043,205197.39500000,29223624.58633000,0
1768204800000,141.42000000,142.05000000,139.04000000,140.03000000,524699.38700000,1768219199999,73469912.09312000,231733,278885.56400000,39061623.95172000,0
1768219200000,140.02000000,142.74000000,138.69000000,142.58000000,532621.64800000,1768233599999,74804722.98133000,323824,268726.27800000,37746340.06484000,0
1768233600000,142.58000000,144.33000000,140.58000000,140.99000000,859921.73600000,1768247999999,122552456.78202000,415790,416466.18100000,59341291.68498000,0
1768248000000,141.00000000,141.86000000,138.34000000,139.22000000,534962.15800000,1768262399999,74608415.37136000,209364,274805.55600000,38315880.25281000,0
1768262400000,139.21000000,139.58000000,137.82000000,138.74000000,538089.34100000,1768276799999,74663475.42661000,162856,303367.82600000,42094060.24801000,0
1768276800000,138.75000000,140.76000000,138.39000000,139.97000000,420710.94900000,1768291199999,58878781.71497000,187133,188288.12100000,26342576.15610000,0
1768291200000,139.97000000,143.12000000,139.97000000,141.84000000,676254.56200000,1768305599999,95980782.05155000,218107,342224.74400000,48561885.33486000,0
1768305600000,141.84000000,143.84000000,141.21000000,143.51000000,907770.28200000,1768319999999,129358794.05667000,404139,420470.78500000,59940301.73030000,0
1768320000000,143.51000000,144.55000000,142.43000000,144.24000000,533027.79300000,1768334399999,76492388.28073000,302375,279202.19900000,40085842.38321000,0
1768334400000,144.24000000,148.74000000,143.00000000,145.51000000,1119229.54100000,1768348799999,163338927.85493000,506431,609615.87500000,88994239.65872000,0
1768348800000,145.52000000,146.60000000,144.33000000,146.29000000,640347.02500000,1768363199999,93185625.47519000,261948,350524.39700000,51014180.62910000,0
1768363200000,146.28000000,146.46000000,143.92000000,144.86000000,540588.65300000,1768377599999,78237164.45942000,164572,262988.88400000,38067108.82021000,0
1768377600000,144.85000000,145.76000000,143.53000000,143.77000000,379406.47700000,1768391999999,54951338.19921000,152326,150835.48700000,21841471.00596000,0
1768392000000,143.76000000,147.56000000,143.37000000,147.07000000,925906.86500000,1768406399999,134989798.16043000,364607,479676.55300000,69962420.78206000,0
1768406400000,147.07000000,148.44000000,145.32000000,146.80000000,852900.58900000,1768420799999,125464385.70114000,345137,379691.59000000,55834639.42910000,0
1768420800000,146.80000000,147.73000000,145.84000000,146.69000000,355927.76900000,1768435199999,52259885.86223000,192773,178271.82600000,26179934.12258000,0
1768435200000,146.70000000,146.73000000,143.21000000,143.49000000,481901.96100000,1768449599999,69775357.09190000,202157,194360.41800000,28136667.94663000,0
1768449600000,143.49000000,145.29000000,143.28000000,144.99000000,279031.19100000,1768463999999,40282425.00269000,124471,154948.78700000,22356950.15275000,0
1768464000000,145.00000000,146.00000000,144.02000000,144.86000000,293200.65600000,1768478399999,42550327.76455000,130893,146653.96600000,21284165.40309000,0
1768478400000,144.85000000,145.65000000,141.78000000,143.48000000,759898.54600000,1768492799999,109316346.02642000,382251,347665.46500000,50044395.58192000,0
1768492800000,143.48000000,144.20000000,140.90000000,141.53000000,449424.79500000,1768507199999,64037948.56097000,316088,227645.60900000,32466894.18554000,0
1768507200000,141.53000000,142.66000000,141.02000000,142.40000000,198685.99000000,1768521599999,28187321.29910000,145440,89587.89700000,12711611.82022000,0
1768521600000,142.41000000,142.82000000,141.68000000,141.97000000,188314.50700000,1768535999999,26784468.72736000,122389,83542.53200000,11884882.78320000,0
1768536000000,141.97000000,143.63000000,141.39000000,142.95000000,358079.42800000,1768550399999,51016505.56841000,133585,179202.21900000,25545807.99261000,0
1768550400000,142.95000000,143.55000000,142.71000000,143.14000000,220271.61800000,1768564799999,31526774.64138000,124123,112913.89400000,16160338.94946000,0
1768564800000,143.14000000,143.86000000,140.26000000,140.78000000,444575.49100000,1768579199999,63356540.90989000,278563,211474.77700000,30183741.75954000,0
1768579200000,140.77000000,144.52000000,140.65000000,144.18000000,389096.31400000,1768593599999,55546124.25015000,225699,186378.94900000,26609616.66541000,0
1768593600000,144.17000000,145.55000000,143.49000000,144.89000000,300541.66800000,1768607999999,43528535.48496000,130065,146384.88100000,21201739.36604000,0
1768608000000,144.90000000,144.99000000,144.20000000,144.37000000,183972.75100000,1768622399999,26595302.91622000,71252,72127.28100000,10426071.41477000,0
1768622400000,144.36000000,144.50000000,143.64000000,143.64000000,87054.03800000,1768636799999,12541310.15417000,48560,43861.14600000,6319478.12132000,0
1768636800000,143.64000000,144.65000000,143.32000000,144.00000000,162784.03500000,1768651199999,23454019.49926000,62609,80814.16100000,11643377.22924000,0
1768651200000,144.00000000,144.35000000,143.60000000,144.33000000,152306.38100000,1768665599999,21921582.94360000,77737,84283.24400000,12131352.59445000,0
1768665600000,144.33000000,144.55000000,143.64000000,144.27000000,136850.60700000,1768679999999,19714143.96786000,67442,77841.69500000,11213265.56070000,0
1768680000000,144.26000000,144.58000000,143.51000000,143.72000000,112186.94900000,1768694399999,16164085.64794000,64489,53487.11500000,7702569.30166000,0
1768694400000,143.73000000,144.00000000,141.95000000,142.83000000,350824.74000000,1768708799999,50070768.47695000,126203,149869.10200000,21393222.56574000,0
1768708800000,142.82000000,143.04000000,142.03000000,142.11000000,235941.50200000,1768723199999,33663047.31838000,73460,111196.96200000,15868875.85734000,0
1768723200000,142.12000000,142.65000000,141.93000000,142.39000000,161988.89600000,1768737599999,23051317.79382000,73637,77925.93600000,11089831.40293000,0
1768737600000,142.39000000,142.73000000,141.50000000,142.00000000,235486.15900000,1768751999999,33480958.53702000,94992,100528.15900000,14294020.88656000,0
1768752000000,141.99000000,143.25000000,141.75000000,142.27000000,326847.27300000,1768766399999,46577813.78340000,99834,149205.26200000,21266589.84558000,0
1768766400000,142.28000000,143.04000000,137.74000000,137.87000000,566350.12800000,1768780799999,79573105.31150000,244845,248484.08600000,34953197.18367000,0
1768780800000,137.87000000,137.87000000,130.00000000,133.94000000,1659939.96100000,1768795199999,222211068.78370000,560837,844017.75700000,112966413.78344000,0
1768795200000,133.93000000,134.09000000,132.71000000,133.47000000,356148.55800000,1768809599999,47534152.04848000,112502,174951.93000000,23352346.46100000,0
1768809600000,133.47000000,134.37000000,133.28000000,134.13000000,319123.00400000,1768823999999,42692171.02288000,108742,151353.75000000,20247176.63610000,0
1768824000000,134.12000000,134.19000000,133.27000000,133.55000000,237599.59900000,1768838399999,31777798.76376000,105833,124425.59600000,16640548.05926000,0
1768838400000,133.55000000,134.71000000,133.48000000,134.45000000,180405.16000000,1768852799999,24204621.28382000,98157,89586.25400000,12019703.24569000,0
1768852800000,134.46000000,135.16000000,132.74000000,133.44000000,219308.48800000,1768867199999,29346202.20358000,127464,98997.19900000,13252956.37479000,0
1768867200000,133.44000000,134.63000000,133.07000000,134.24000000,246904.28800000,1768881599999,33044232.83359000,131146,133645.01400000,17888785.47554000,0
1768881600000,134.25000000,134.27000000,130.56000000,130.62000000,620942.69100000,1768895999999,82040929.54169000,302471,257517.50300000,34027047.36276000,0
1768896000000,130.62000000,130.80000000,128.36000000,128.81000000,861902.14900000,1768910399999,111349363.36848000,303490,380873.62800000,49205293.02624000,0
1768910400000,128.81000000,129.77000000,127.24000000,127.86000000,681240.95100000,1768924799999,87554352.36757000,405567,317803.58000000,40856366.72716000,0
1768924800000,127.86000000,128.59000000,126.30000000,127.25000000,604031.57000000,1768939199999,76865067.76936000,307379,303856.86000000,38675045.65738000,0
1768939200000,127.24000000,128.08000000,124.68000000,125.80000000,517402.23100000,1768953599999,65346414.31343000,215197,200356.20300000,25313545.22898000,0
1768953600000,125.81000000,127.86000000,125.75000000,127.61000000,281091.10100000,1768967999999,35732783.80557000,148126,148868.29200000,18940279.55984000,0
1768968000000,127.61000000,128.75000000,127.45000000,127.62000000,261374.28600000,1768982399999,33507858.81455000,102152,156802.65200000,20110826.08610000,0
1768982400000,127.61000000,128.19000000,126.80000000,126.94000000,264176.03800000,1768996799999,33682981.96984000,129791,124753.17900000,15908294.25050000,0
1768996800000,126.94000000,131.18000000,126.17000000,130.43000000,921029.37200000,1769011199999,118696860.69034000,401310,509706.57000000,65744614.67048000,0
1769011200000,130.43000000,131.68000000,125.26000000,131.50000000,958735.82100000,1769025599999,122915783.56392000,562549,497188.54600000,63797336.89479000,0
1769025600000,131.49000000,132.17000000,129.16000000,129.54000000,475329.74200000,1769039999999,62191387.47719000,224074,220291.68100000,28831187.78841000,0
1769040000000,129.53000000,130.62000000,129.53000000,129.86000000,193930.57900000,1769054399999,25233792.62248000,121455,109026.09000000,14189156.09373000,0
1769054400000,129.85000000,130.50000000,129.75000000,129.81000000,159631.22800000,1769068799999,20779888.97147000,89475,99675.93900000,12978693.82720000,0
1769068800000,129.80000000,130.35000000,129.35000000,130.11000000,193470.62500000,1769083199999,25137099.34970000,106056,95009.29800000,12344311.49365000,0
1769083200000,130.11000000,130.94000000,126.73000000,127.41000000,623936.65800000,1769097599999,80237965.43826000,322478,289597.47800000,37269287.28620000,0
1769097600000,127.42000000,129.37000000,126.92000000,129.26000000,398309.71300000,1769111999999,51011552.77135000,242952,197722.57000000,25319304.41115000,0
1769112000000,129.26000000,129.76000000,128.02000000,128.47000000,242307.65900000,1769126399999,31170388.67009000,134333,113985.66700000,14660623.82424000,0
1769126400000,128.47000000,128.98000000,128.08000000,128.76000000,182007.46900000,1769140799999,23402720.29351000,103034,92553.24700000,11901741.29638000,0
1769140800000,128.76000000,129.29000000,127.23000000,127.93000000,218313.97600000,1769155199999,28025308.57669000,107790,99582.53000000,12785161.08384000,0
1769155200000,127.93000000,128.00000000,126.94000000,127.54000000,190897.48100000,1769169599999,24310056.98600000,103732,88340.22700000,11250274.81494000,0
1769169600000,127.54000000,128.10000000,125.28000000,127.90000000,536316.12700000,1769183999999,67885869.89371000,232559,283485.64800000,35884791.11967000,0
1769184000000,127.90000000,130.20000000,127.46000000,128.08000000,641698.86700000,1769198399999,82610088.26151000,344191,365485.26900000,47064692.22140000,0
1769198400000,128.08000000,128.26000000,126.54000000,127.43000000,274829.15700000,1769212799999,35009899.96999000,177287,144931.43600000,18463589.60231000,0
1769212800000,127.43000000,128.12000000,127.29000000,127.91000000,114727.90100000,1769227199999,14645366.53472000,75472,58031.50800000,7408227.99357000,0
1769227200000,127.91000000,128.11000000,126.89000000,127.11000000,180692.08900000,1769241599999,23032539.83681000,56070,59468.85300000,7586316.34506000,0
1769241600000,127.12000000,127.40000000,126.93000000,127.17000000,120056.33800000,1769255999999,15266079.43661000,45622,64099.08300000,8150350.29704000,0
1769256000000,127.17000000,127.41000000,126.80000000,126.85000000,137033.22400000,1769270399999,17421714.05529000,53319,57361.10800000,7292809.26588000,0
1769270400000,126.85000000,127.51000000,126.64000000,127.30000000,142790.20100000,1769284799999,18160318.52366000,57125,69024.12900000,8780683.79707000,0
1769284800000,127.30000000,127.76000000,127.10000000,127.21000000,112120.24200000,1769299199999,14278889.94970000,44288,60001.46500000,7639730.64332000,0
1769299200000,127.22000000,127.46000000,126.35000000,126.64000000,162322.35600000,1769313599999,20615845.48710000,59004,70680.56900000,8977682.64293000,0
1769313600000,126.64000000,127.00000000,126.35000000,126.47000000,118525.08500000,1769327999999,15013125.57572000,47075,67241.81600000,8516855.21095000,0
1769328000000,126.47000000,127.20000000,125.98000000,126.77000000,197673.01900000,1769342399999,25022072.98600000,71405,100372.67000000,12707814.10574000,0
1769342400000,126.77000000,127.12000000,125.48000000,125.59000000,225134.28500000,1769356799999,28434592.03318000,102885,106381.26100000,13442130.97072000,0
1769356800000,125.58000000,125.58000000,117.15000000,117.96000000,2305430.15200000,1769371199999,279031992.80659000,596512,1135632.62700000,137068293.29419000,0
1769371200000,117.96000000,119.45000000,117.38000000,118.85000000,1531794.55200000,1769385599999,181046901.20172000,355510,923678.38800000,109155609.84122000,0
1769385600000,118.85000000,122.77000000,118.53000000,121.57000000,478950.11200000,1769399999999,57899745.99397000,252698,263445.62500000,31810867.37517000,0
1769400000000,121.58000000,123.62000000,121.57000000,122.89000000,249077.02900000,1769414399999,30547528.10071000,148993,122820.07800000,15064136.47747000,0
1769414400000,122.90000000,123.59000000,121.76000000,122.50000000,295031.12700000,1769428799999,36155596.86690000,125467,121615.52400000,14906318.17965000,0
1769428800000,122.51000000,125.20000000,122.35000000,123.53000000,594653.17400000,1769443199999,73443712.48962000,278649,278103.10100000,34370453.66998000,0
1769443200000,123.53000000,125.60000000,123.03000000,124.31000000,472340.45300000,1769457599999,58710657.98618000,246769,244781.68100000,30441157.00327000,0
1769457600000,124.31000000,124.88000000,123.42000000,124.24000000,265699.46800000,1769471999999,33010414.95663000,135313,128505.54600000,15971962.15171000,0
1769472000000,124.24000000,125.17000000,123.73000000,124.51000000,222042.73400000,1769486399999,27647267.89652000,106422,125007.11600000,15565073.13696000,0
1769486400000,124.51000000,125.15000000,124.00000000,124.52000000,197767.21500000,1769500799999,24607473.32537000,82356,93337.20700000,11618140.75146000,0
1769500800000,124.52000000,124.79000000,123.57000000,124.12000000,224263.43900000,1769515199999,27812657.36057000,98743,101550.73600000,12597502.69210000,0
1769515200000,124.12000000,125.06000000,123.12000000,125.01000000,297484.05500000,1769529599999,36880164.66065000,196752,153782.01100000,19073397.80322000,0
1769529600000,125.01000000,126.79000000,123.55000000,125.85000000,635375.61300000,1769543999999,79663476.60449000,342028,315031.86300000,39512135.45564000,0
1769544000000,125.84000000,127.84000000,125.73000000,127.19000000,459575.98600000,1769558399999,58436786.53215000,179778,223371.74700000,28403554.04274000,0
1769558400000,127.18000000,127.52000000,126.65000000,126.96000000,197099.29000000,1769572799999,25038656.12519000,123377,83776.99800000,10642408.27706000,0
1769572800000,126.96000000,127.54000000,126.45000000,127.10000000,190954.09300000,1769587199999,24241718.62257000,105493,93027.60500000,11806990.27126000,0
1769587200000,127.09000000,128.34000000,125.97000000,128.17000000,352797.50100000,1769601599999,44894909.82502000,165867,167027.94400000,21268943.58908000,0
1769601600000,128.16000000,128.25000000,125.52000000,126.07000000,516333.67300000,1769615999999,65532348.69270000,251044,266175.30600000,33785131.80214000,0
1769616000000,126.06000000,127.04000000,125.26000000,126.01000000,434021.82200000,1769630399999,54712505.75297000,259849,224631.78800000,28316337.09424000,0
1769630400000,126.00000000,126.68000000,124.78000000,125.35000000,306657.14900000,1769644799999,38513520.84442000,159655,155656.63200000,19551345.33979000,0
1769644800000,125.34000000,125.51000000,122.70000000,123.07000000,379002.26700000,1769659199999,46986606.92902000,205281,177356.28900000,21986210.69867000,0
1769659200000,123.07000000,123.98000000,122.50000000,123.78000000,182453.49700000,1769673599999,22519362.33139000,86271,93129.37300000,11493743.35206000,0
1769673600000,123.78000000,123.93000000,122.66000000,122.76000000,204252.17100000,1769687999999,25156049.92591000,94040,93663.34100000,11536260.20563000,0
1769688000000,122.76000000,123.34000000,116.12000000,117.69000000,1150715.43500000,1769702399999,137092018.24609000,450347,583353.10000000,69446631.33339000,0
1769702400000,117.69000000,119.96000000,115.39000000,116.84000000,1351851.92700000,1769716799999,158632003.62384000,462318,685683.55600000,80461564.02290000,0
1769716800000,116.84000000,117.91000000,116.56000000,117.82000000,462338.17600000,1769731199999,54211564.39887000,145944,229943.17500000,26958494.64143000,0
1769731200000,117.82000000,118.14000000,112.14000000,114.43000000,1234004.18000000,1769745599999,141328901.14206000,445212,565896.88500000,64781781.63448000,0
1769745600000,114.44000000,116.13000000,113.01000000,115.78000000,715888.11300000,1769759999999,82349702.55082000,209406,394704.29600000,45404691.32199000,0
1769760000000,115.78000000,117.28000000,114.67000000,117.08000000,534204.70000000,1769774399999,61795348.83661000,219384,258150.67000000,29884310.22101000,0
1769774400000,117.08000000,117.64000000,114.58000000,116.80000000,718933.59900000,1769788799999,83621095.93052000,380273,367466.39700000,42752257.59742000,0
1769788800000,116.80000000,119.12000000,114.34000000,118.30000000,1049347.95900000,1769803199999,123175011.30086000,495159,577495.76500000,67825524.17984000,0
1769803200000,118.29000000,118.43000000,116.52000000,117.59000000,508628.19100000,1769817599999,59753427.37200000,241784,264452.25300000,31074981.25237000,0
1769817600000,117.60000000,118.66000000,117.39000000,118.39000000,320657.22900000,1769831999999,37856513.27633000,124002,166120.32200000,19614684.10409000,0
1769832000000,118.39000000,118.85000000,117.20000000,117.37000000,436088.98400000,1769846399999,51559652.87326000,129609,214407.79500000,25349610.66689000,0
1769846400000,117.38000000,117.53000000,114.29000000,116.05000000,868789.91700000,1769860799999,100581101.11045000,272400,369789.98300000,42780273.53291000,0
1769860800000,116.06000000,116.19000000,108.23000000,108.65000000,1790442.23100000,1769875199999,199018879.10869000,698498,844113.06100000,93651487.68888000,0
1769875200000,108.65000000,109.83000000,96.40000000,101.78000000,4226686.93800000,1769889599999,436095550.09780000,1509421,2006504.13700000,206953949.20743000,0
1769889600000,101.77000000,106.55000000,100.40000000,105.58000000,924733.02700000,1769903999999,95470378.83448000,514670,491994.02900000,50798652.96345000,0
1769904000000,105.58000000,106.43000000,104.23000000,104.97000000,421440.56600000,1769918399999,44369084.98666000,247683,207870.93400000,21889704.04862000,0
1769918400000,104.97000000,106.02000000,103.96000000,105.20000000,396862.04600000,1769932799999,41704742.47151000,190792,218891.18800000,23013954.71464000,0
1769932800000,105.20000000,106.06000000,103.59000000,105.05000000,462122.88300000,1769947199999,48504464.06236000,245293,211432.27800000,22203860.07487000,0
1769947200000,105.06000000,106.69000000,100.21000000,101.69000000,1033943.97800000,1769961599999,106848578.34018000,508113,463915.77500000,47997971.04801000,0
1769961600000,101.70000000,104.27000000,100.93000000,101.94000000,674420.78300000,1769975999999,69124803.20358000,409024,349689.69400000,35863318.48948000,0
1769976000000,101.94000000,102.88000000,98.02000000,100.79000000,1215465.79500000,1769990399999,122287889.19016000,601308,600475.26700000,60396807.30646000,0
1769990400000,100.78000000,103.14000000,95.95000000,100.07000000,1510943.50400000,1770004799999,151035671.01726000,759854,696859.22000000,69751222.44838000,0
1770004800000,100.08000000,102.43000000,97.07000000,101.43000000,1575814.21500000,1770019199999,157364900.36586000,737477,744468.88400000,74381595.68888000,0
1770019200000,101.42000000,103.45000000,101.36000000,102.78000000,791326.61400000,1770033599999,81079262.40242000,354231,393367.40900000,40309630.70741000,0
1770033600000,102.78000000,106.12000000,102.39000000,104.70000000,886338.74600000,1770047999999,92423995.27483000,518505,445112.53700000,46421876.76055000,0
1770048000000,104.69000000,105.78000000,103.51000000,103.89000000,515713.96500000,1770062399999,54038542.09404000,311841,229358.47500000,24038309.65355000,0
1770062400000,103.88000000,105.20000000,103.32000000,104.55000000,293895.63700000,1770076799999,30666670.78007000,175071,153857.37700000,16058530.34433000,0
1770076800000,104.54000000,104.67000000,102.18000000,104.16000000,412975.48600000,1770091199999,42733863.72747000,246313,201351.91000000,20842477.45634000,0
1770091200000,104.17000000,105.10000000,102.96000000,104.70000000,302547.58400000,1770105599999,31490637.84876000,166510,155071.83900000,16145228.04007000,0
1770105600000,104.70000000,105.04000000,102.50000000,103.01000000,425554.13800000,1770119999999,44028346.99196000,213207,201579.66600000,20857458.92039000,0
1770120000000,103.01000000,103.65000000,100.41000000,102.56000000,816223.89600000,1770134399999,83424051.90360000,420305,405413.58200000,41430176.23447000,0
1770134400000,102.56000000,102.56000000,96.64000000,99.02000000,1469216.05200000,1770148799999,145564527.36156000,648949,677947.74300000,67173829.75421000,0
1770148800000,99.01000000,102.07000000,97.21000000,97.89000000,1087500.95900000,1770163199999,108623740.39319000,440353,586248.58500000,58595375.96591000,0
1770163200000,97.89000000,99.67000000,97.17000000,99.13000000,645253.04700000,1770177599999,63694110.25907000,301852,328224.39700000,32411232.82613000,0
1770177600000,99.12000000,99.35000000,96.46000000,97.90000000,561956.45200000,1770191999999,54994490.33125000,244304,262039.41400000,25645439.67904000,0
1770192000000,97.91000000,97.96000000,94.71000000,96.11000000,1023805.84600000,1770206399999,98739507.77641000,333939,437973.60100000,42259322.00888000,0
1770206400000,96.12000000,96.73000000,91.31000000,92.79000000,1307738.60900000,1770220799999,122864653.55758000,722073,625068.70300000,58738053.72732000,0
1770220800000,92.80000000,94.71000000,90.00000000,94.38000000,1621367.87800000,1770235199999,149322272.73336000,797283,882316.10300000,81307790.43807000,0
1770235200000,94.38000000,94.50000000,89.30000000,92.12000000,1091337.53900000,1770249599999,100248805.24466000,540558,560316.99800000,51491702.80630000,0
1770249600000,92.11000000,92.89000000,90.24000000,91.15000000,850851.31000000,1770263999999,77958108.86410000,543481,382834.35500000,35091970.08083000,0
1770264000000,91.14000000,92.11000000,89.68000000,90.54000000,1143660.87800000,1770278399999,103892139.36098000,511323,590426.42400000,53632950.54310000,0
1770278400000,90.55000000,93.43000000,88.66000000,89.98000000,1061546.23400000,1770292799999,96676878.75938000,397208,500992.66600000,45711696.49629000,0
1770292800000,89.98000000,91.43000000,83.44000000,84.61000000,2217771.52400000,1770307199999,193505575.41846000,1070246,1046279.03200000,91425823.93054000,0
1770307200000,84.61000000,86.20000000,81.21000000,81.68000000,1963466.05700000,1770321599999,163857327.76857000,1082913,929616.42400000,77596882.41360000,0
1770321600000,81.68000000,82.30000000,77.60000000,78.35000000,3006059.47700000,1770335999999,238898953.33978000,1266400,1386590.02000000,110178026.76227000,0
1770336000000,78.34000000,80.30000000,67.50000000,76.71000000,4857838.16600000,1770350399999,362408918.28016000,1564804,2348540.44100000,175455909.92946000,0
1770350400000,76.71000000,81.65000000,76.22000000,79.59000000,1318254.13000000,1770364799999,104620385.98604000,449789,653413.55100000,51854329.86709000,0
1770364800000,79.60000000,82.04000000,78.67000000,81.36000000,1054296.77600000,1770379199999,84781901.41971000,343962,492157.82100000,39644945.55395000,0
1770379200000,81.36000000,85.19000000,80.85000000,84.49000000,1705060.25100000,1770393599999,142051945.09324000,661640,872714.22000000,72774688.91160000,0
1770393600000,84.48000000,88.72000000,83.66000000,87.09000000,1733549.25100000,1770407999999,149891724.05415000,624540,849908.33100000,73492446.61831000,0
1770408000000,87.09000000,89.84000000,86.60000000,87.46000000,1142097.19200000,1770422399999,100553250.48872000,335869,556420.42100000,49029090.37478000,0
1770422400000,87.45000000,88.39000000,85.91000000,88.10000000,818660.40700000,1770436799999,71182862.46229000,322216,385291.40900000,33539837.78182000,0
1770436800000,88.09000000,89.04000000,84.16000000,85.29000000,975611.03100000,1770451199999,84532640.66743000,376439,464930.72500000,40340500.62272000,0
1770451200000,85.29000000,85.74000000,84.51000000,84.91000000,448696.28900000,1770465599999,38186698.92973000,197534,232397.10500000,19786426.04780000,0
1770465600000,84.90000000,87.20000000,84.85000000,86.57000000,569529.97600000,1770479999999,49079884.00987000,265416,295254.84300000,25445814.24649000,0
1770480000000,86.56000000,89.19000000,86.17000000,88.30000000,1331970.84500000,1770494399999,116413691.16188000,430509,663592.50800000,58004035.11182000,0
1770494400000,88.30000000,89.20000000,86.86000000,87.59000000,342180.93200000,1770508799999,30179419.03138000,153927,146710.46100000,12941016.01062000,0
1770508800000,87.59000000,88.22000000,86.70000000,86.82000000,222639.84600000,1770523199999,19469192.58248000,113767,109256.05000000,9558758.15189000,0
1770523200000,86.82000000,87.56000000,86.63000000,87.42000000,226616.21900000,1770537599999,19748407.79193000,92534,111732.14400000,9737691.79970000,0
1770537600000,87.41000000,88.99000000,86.44000000,88.25000000,569978.38600000,1770551999999,50011991.49578000,222397,321382.47400000,28205338.96081000,0
1770552000000,88.25000000,88.89000000,87.35000000,87.77000000,517939.82200000,1770566399999,45687705.46403000,166810,283721.46300000,25032154.84911000,0
1770566400000,87.78000000,88.61000000,85.77000000,88.41000000,482648.82300000,1770580799999,42146852.92891000,173645,235482.70100000,20582755.91360000,0
1770580800000,88.41000000,89.08000000,86.06000000,86.99000000,515175.58700000,1770595199999,45043505.84365000,271697,250737.76100000,21932475.50317000,0
1770595200000,86.99000000,87.98000000,85.75000000,87.67000000,527305.41800000,1770609599999,45839658.29839000,301104,243422.73400000,21169033.47805000,0
1770609600000,87.67000000,87.72000000,85.19000000,85.50000000,493099.35900000,1770623999999,42633035.77424000,189262,237676.88700000,20555127.23259000,0
1770624000000,85.50000000,85.64000000,82.86000000,83.47000000,774366.76900000,1770638399999,65101613.19736000,253954,381136.56500000,32034848.40623000,0
1770638400000,83.48000000,85.80000000,83.45000000,85.28000000,637293.72200000,1770652799999,53826435.01217000,311263,327294.73100000,27643914.78713000,0
1770652800000,85.28000000,88.69000000,84.81000000,87.97000000,853076.18900000,1770667199999,74401730.37246000,403592,395650.35700000,34470701.21241000,0
1770667200000,87.96000000,88.31000000,86.53000000,86.77000000,382510.95900000,1770681599999,33409390.92875000,182078,145308.80700000,12687211.74258000,0
1770681600000,86.77000000,87.49000000,85.26000000,85.87000000,402093.53400000,1770695999999,34764753.46885000,155273,171847.83000000,14866653.80508000,0
1770696000000,85.86000000,86.67000000,84.30000000,84.63000000,497685.53200000,1770710399999,42493032.40506000,147315,235316.13300000,20086874.99656000,0
1770710400000,84.64000000,85.09000000,83.77000000,83.85000000,455095.70300000,1770724799999,38434613.29628000,141127,219176.78900000,18512538.74727000,0
1770724800000,83.85000000,85.24000000,83.20000000,84.30000000,798245.63800000,1770739199999,67137263.72757000,303699,372939.76700000,31391645.84773000,0
1770739200000,84.30000000,85.14000000,82.44000000,83.08000000,486935.39200000,1770753599999,40805349.14122000,233357,233353.46700000,19557735.19215000,0
1770753600000,83.08000000,83.23000000,81.91000000,82.99000000,335156.30600000,1770767999999,27682951.75065000,137231,166115.38600000,13718248.79150000,0
1770768000000,82.99000000,84.39000000,82.59000000,83.34000000,317157.79600000,1770782399999,26494029.28427000,136220,144931.40300000,12105404.43297000,0
1770782400000,83.34000000,83.54000000,80.28000000,81.00000000,549886.45400000,1770796799999,44834408.08757000,213694,247161.52800000,20144732.55718000,0
1770796800000,81.00000000,81.47000000,80.38000000,81.26000000,369689.12700000,1770811199999,29922452.00850000,142670,193439.44500000,15659808.89840000,0
1770811200000,81.25000000,83.17000000,78.56000000,79.72000000,1281109.03600000,1770825599999,103636624.01864000,477452,664106.35300000,53738985.15674000,0
1770825600000,79.72000000,80.94000000,78.04000000,79.72000000,711553.11800000,1770839999999,56567381.97545000,339972,360221.86900000,28647779.80092000,0
1770840000000,79.72000000,81.11000000,78.80000000,79.30000000,585517.78900000,1770854399999,46750515.89022000,209953,300000.79700000,23969546.16201000,0
1770854400000,79.31000000,80.79000000,79.26000000,80.62000000,286003.68300000,1770868799999,22938997.68660000,140919,144114.73500000,11556691.92525000,0
1770868800000,80.63000000,80.99000000,79.50000000,80.77000000,278474.15400000,1770883199999,22415447.70060000,119867,152080.77300000,12244524.17550000,0
1770883200000,80.77000000,82.25000000,80.32000000,81.87000000,426871.07500000,1770897599999,34802905.20744000,142538,204283.02300000,16654905.97139000,0
1770897600000,81.87000000,82.13000000,80.10000000,80.12000000,655744.32900000,1770911999999,53214971.53092000,276116,324956.32200000,26374697.01286000,0
1770912000000,80.13000000,80.22000000,77.03000000,77.62000000,927205.54000000,1770926399999,72586025.92944000,435759,488475.53900000,38242482.18956000,0
1770926400000,77.62000000,78.52000000,76.60000000,78.40000000,621931.33600000,1770940799999,48187371.72185000,209237,308359.55600000,23909361.79232000,0
1770940800000,78.39000000,79.48000000,77.53000000,79.05000000,370604.06100000,1770955199999,29128033.59705000,158739,198184.04400000,15582000.99808000,0
1770955200000,79.05000000,79.27000000,77.85000000,78.99000000,343878.43700000,1770969599999,27027069.22589000,121550,151216.15800000,11886695.18740000,0
1770969600000,78.99000000,80.62000000,78.86000000,80.31000000,453099.44000000,1770983999999,36194174.27355000,149798,228743.35200000,18272369.03472000,0
1770984000000,80.31000000,84.34000000,79.73000000,83.20000000,994476.77200000,1770998399999,81286393.16762000,379686,476337.06400000,38981634.71585000,0
1770998400000,83.20000000,85.63000000,82.92000000,84.66000000,834107.95600000,1771012799999,70475468.90418000,304032,401331.59400000,33901374.44424000,0
1771012800000,84.65000000,85.19000000,84.12000000,84.33000000,374223.60600000,1771027199999,31673302.28403000,131739,196047.50100000,16597478.03302000,0
1771027200000,84.34000000,85.30000000,84.21000000,85.06000000,289428.39700000,1771041599999,24566871.82195000,81583,164193.22100000,13937496.70791000,0
1771041600000,85.07000000,85.27000000,84.35000000,85.19000000,156035.42500000,1771055999999,13244993.33285000,54952,72814.03300000,6181094.57031000,0
1771056000000,85.19000000,87.33000000,85.16000000,87.29000000,581740.68000000,1771070399999,50158074.42334000,173527,324350.60900000,27966965.33523000,0
1771070400000,87.29000000,87.69000000,86.00000000,87.44000000,570822.94300000,1771084799999,49612994.18860000,168154,299750.00100000,26066355.86465000,0
1771084800000,87.44000000,88.47000000,86.99000000,88.20000000,665986.60700000,1771099199999,58461982.56068000,158510,301020.04200000,26435442.28039000,0
1771099200000,88.21000000,88.90000000,87.29000000,88.06000000,434593.16300000,1771113599999,38325626.78166000,135144,216484.17300000,19101684.78793000,0
1771113600000,88.06000000,88.78000000,87.31000000,88.61000000,477493.40200000,1771127999999,42031523.88782000,163413,228511.28300000,20126028.35085000,0
1771128000000,88.60000000,90.98000000,88.35000000,90.74000000,806233.04800000,1771142399999,72154132.06980000,236034,439834.77600000,39378085.42088000,0
1771142400000,90.74000000,91.26000000,89.01000000,89.17000000,713517.75400000,1771156799999,64183646.48003000,191707,341360.89600000,30710394.19767000,0
1771156800000,89.18000000,89.63000000,86.66000000,87.42000000,766136.52800000,1771171199999,67307500.86263000,250004,359316.82700000,31546126.58769000,0
1771171200000,87.41000000,87.88000000,85.20000000,85.34000000,714921.00200000,1771185599999,61867110.63988000,227135,287679.93800000,24901991.33941000,0
1771185600000,85.35000000,86.70000000,84.89000000,86.16000000,450783.66600000,1771199999999,38706787.83995000,141827,224051.85400000,19244241.74086000,0
1771200000000,86.15000000,86.63000000,84.79000000,85.14000000,667949.30800000,1771214399999,57242129.40260000,141641,336705.80600000,28834549.81402000,0
1771214400000,85.15000000,85.91000000,84.47000000,85.06000000,346888.91200000,1771228799999,29502581.15865000,101582,160975.27600000,13690275.86557000,0
1771228800000,85.07000000,86.26000000,84.49000000,85.52000000,431369.74000000,1771243199999,36917542.96556000,133847,189080.92000000,16180238.76215000,0
1771243200000,85.52000000,86.93000000,82.55000000,83.21000000,1202171.27900000,1771257599999,101758706.25604000,402725,640706.22300000,54260315.34100000,0
1771257600000,83.21000000,85.16000000,83.10000000,84.61000000,631216.88700000,1771271999999,53110521.67247000,180855,321196.56600000,27046788.60040000,0
1771272000000,84.62000000,86.66000000,84.50000000,86.45000000,280155.68500000,1771286399999,24015146.08879000,137098,158703.62200000,13600927.27216000,0
1771286400000,86.45000000,87.69000000,85.76000000,86.37000000,299751.05000000,1771300799999,26009823.10069000,150212,162064.41800000,14069508.53465000,0
1771300800000,86.37000000,86.80000000,85.45000000,86.49000000,271821.33000000,1771315199999,23455272.23790000,103786,127744.01600000,11024163.34555000,0
1771315200000,86.48000000,86.77000000,84.75000000,85.10000000,286692.03600000,1771329599999,24526380.02400000,118922,121209.73700000,10371876.25218000,0
1771329600000,85.11000000,85.58000000,82.92000000,83.81000000,918074.82000000,1771343999999,77098715.13490000,296269,483651.68300000,40623292.16051000,0
1771344000000,83.80000000,85.76000000,83.13000000,84.87000000,672706.80100000,1771358399999,56868336.29467000,272791,357264.45400000,30207104.50690000,0
1771358400000,84.86000000,85.44000000,84.53000000,85.08000000,325609.82800000,1771372799999,27714967.61112000,122359,133622.85700000,11369749.86009000,0
1771372800000,85.09000000,85.49000000,83.92000000,85.33000000,469767.04300000,1771387199999,39820449.63186000,117803,214329.13000000,18159803.12068000,0
1771387200000,85.34000000,85.54000000,84.68000000,85.28000000,191825.64900000,1771401599999,16330788.90424000,79151,95691.32600000,8145963.45350000,0
1771401600000,85.28000000,86.09000000,82.83000000,82.86000000,707916.18800000,1771415999999,59738986.64407000,161952,363288.91800000,30636534.07793000,0
1771416000000,82.87000000,84.01000000,81.72000000,83.01000000,893829.75900000,1771430399999,74026491.20866000,310976,456012.28500000,37782767.78910000,0
1771430400000,83.00000000,83.09000000,80.48000000,80.93000000,615426.55300000,1771444799999,50329141.83680000,248624,282914.84500000,23154646.14396000,0
1771444800000,80.93000000,81.64000000,80.85000000,81.61000000,258838.77800000,1771459199999,21043973.46017000,108393,137597.56700000,11187843.24297000,0
1771459200000,81.61000000,82.07000000,81.25000000,81.77000000,164987.11200000,1771473599999,13477380.44664000,82970,95590.10900000,7809681.39930000,0
1771473600000,81.77000000,82.67000000,81.38000000,82.41000000,578429.86100000,1771487999999,47324739.31704000,98387,229915.47200000,18832222.05352000,0
1771488000000,82.40000000,82.42000000,80.91000000,81.24000000,312028.08500000,1771502399999,25475121.81537000,117141,141021.40300000,11508199.67220000,0
1771502400000,81.24000000,81.32000000,79.61000000,80.64000000,871083.31500000,1771516799999,69986947.02929000,277256,486363.62800000,39061864.73330000,0
1771516800000,80.63000000,82.20000000,79.92000000,81.95000000,569169.83200000,1771531199999,46165389.99419000,243261,298140.03500000,24196166.54288000,0
1771531200000,81.94000000,82.57000000,81.68000000,82.50000000,352579.28500000,1771545599999,28956200.37374000,127090,190016.81400000,15607830.67456000,0
1771545600000,82.50000000,83.54000000,82.33000000,83.04000000,484575.74100000,1771559999999,40247874.05866000,127231,229825.86600000,19080158.39042000,0
1771560000000,83.05000000,83.93000000,82.38000000,83.46000000,352315.37100000,1771574399999,29336850.22768000,105448,163784.24300000,13641946.14461000,0
1771574400000,83.45000000,84.84000000,83.30000000,83.58000000,667959.13200000,1771588799999,56158745.65983000,156568,285082.05200000,23973586.14059000,0
1771588800000,83.58000000,84.78000000,81.77000000,84.38000000,1113123.09400000,1771603199999,92637353.84053000,338698,546190.70400000,45460907.20961000,0
1771603200000,84.38000000,85.49000000,82.82000000,84.75000000,839756.20400000,1771617599999,70874826.57936000,338674,414323.91100000,34968548.40655000,0
1771617600000,84.75000000,85.23000000,84.12000000,84.67000000,296827.21700000,1771631999999,25096078.11034000,118268,153538.69700000,12981955.43580000,0
1771632000000,84.68000000,85.03000000,84.24000000,84.35000000,244834.54700000,1771646399999,20702587.24820000,67247,121720.92500000,10290853.00861000,0
1771646400000,84.35000000,84.78000000,83.97000000,84.24000000,191204.99200000,1771660799999,16117632.77228000,56339,75597.60300000,6372272.40625000,0
1771660800000,84.24000000,85.70000000,84.19000000,85.40000000,253890.12500000,1771675199999,21584114.94376000,76314,116586.19000000,9915685.55197000,0
1771675200000,85.40000000,86.72000000,85.00000000,86.58000000,560131.30500000,1771689599999,48189928.41728000,124413,297010.13500000,25550938.61596000,0
1771689600000,86.59000000,86.72000000,85.82000000,86.22000000,273165.29600000,1771703999999,23557033.05200000,90207,125214.18600000,10800370.34564000,0
1771704000000,86.21000000,86.21000000,85.12000000,85.17000000,257522.59700000,1771718399999,22039425.56864000,86680,117492.86200000,10054931.62954000,0
1771718400000,85.17000000,85.60000000,84.73000000,85.08000000,373587.24500000,1771732799999,31784559.12575000,81008,192214.42100000,16355518.76870000,0
1771732800000,85.08000000,85.58000000,84.81000000,85.24000000,156836.21900000,1771747199999,13361882.68489000,48521,81926.46100000,6978769.35134000,0
1771747200000,85.25000000,85.47000000,84.87000000,85.27000000,189820.25300000,1771761599999,16169660.27782000,52648,75366.53400000,6418303.16788000,0
1771761600000,85.28000000,85.33000000,82.98000000,83.50000000,605586.52600000,1771775999999,50742371.46248000,131377,293805.03000000,24593678.05779000,0
1771776000000,83.49000000,83.63000000,82.82000000,83.30000000,206105.59000000,1771790399999,17146035.32256000,68651,101417.60700000,8436533.92993000,0
1771790400000,83.30000000,83.71000000,82.48000000,82.79000000,266916.76300000,1771804799999,22188425.06626000,95812,139630.57600000,11606949.85414000,0
1771804800000,82.80000000,82.85000000,77.28000000,77.66000000,1532442.00000000,1771819199999,120696564.69379000,486837,734965.18600000,57854089.80992000,0
1771819200000,77.66000000,79.69000000,77.15000000,79.40000000,782254.48700000,1771833599999,61280226.93726000,185049,415333.14500000,32554949.31111000,0
1771833600000,79.40000000,80.69000000,78.53000000,80.05000000,565368.23100000,1771847999999,45067861.58295000,141787,303488.72400000,24172784.07959000,0
1771848000000,80.06000000,81.13000000,79.20000000,79.40000000,789672.18200000,1771862399999,63449787.07546000,271745,356184.53000000,28607956.25121000,0
1771862400000,79.39000000,79.80000000,77.27000000,78.29000000,1029792.14500000,1771876799999,81046897.26001000,282348,510267.93500000,40140965.54520000,0
1771876800000,78.28000000,78.92000000,77.63000000,77.90000000,463844.33800000,1771891199999,36342998.15524000,140669,246298.13400000,19296544.81161000,0
1771891200000,77.91000000,78.53000000,75.74000000,76.87000000,803680.30100000,1771905599999,62180660.12370000,270838,378935.80000000,29348240.62451000,0
1771905600000,76.88000000,77.36000000,76.11000000,76.84000000,639815.22000000,1771919999999,49101427.16702000,184846,324971.20500000,24938893.26398000,0
1771920000000,76.85000000,77.20000000,76.00000000,76.77000000,350066.33700000,1771934399999,26851737.63341000,131224,176477.72700000,13543550.22602000,0
1771934400000,76.78000000,77.49000000,75.63000000,77.30000000,738812.02900000,1771948799999,56676428.64140000,296263,373843.03300000,28702022.80304000,0
1771948800000,77.30000000,78.51000000,77.23000000,78.38000000,555440.05300000,1771963199999,43357227.89308000,204226,285144.95400000,22259064.47754000,0
1771963200000,78.38000000,79.62000000,78.12000000,78.99000000,505014.43600000,1771977599999,39835509.49299000,144738,252632.80500000,19932969.73093000,0
1771977600000,78.99000000,82.99000000,78.73000000,81.75000000,1007253.96700000,1771991999999,82202871.92578000,372919,511596.10300000,41758854.80102000,0
1771992000000,81.75000000,82.43000000,80.98000000,82.19000000,522305.82400000,1772006399999,42719320.19400000,170483,268258.61800000,21943958.01016000,0
1772006400000,82.19000000,83.42000000,81.93000000,83.39000000,430794.95000000,1772020799999,35598200.08465000,161217,231060.70300000,19101989.50715000,0
1772020800000,83.38000000,86.46000000,82.89000000,85.98000000,1251514.67900000,1772035199999,105937631.11706000,443954,672837.14200000,56957777.18601000,0
1772035200000,85.98000000,89.65000000,85.97000000,89.43000000,1161364.34800000,1772049599999,102264867.46126000,447388,623152.25700000,54887611.86553000,0
1772049600000,89.43000000,92.10000000,87.07000000,88.06000000,1259515.64700000,1772063999999,112710378.42154000,480252,651437.40900000,58325570.58223000,0
1772064000000,88.05000000,89.27000000,87.53000000,87.95000000,809196.66600000,1772078399999,71513047.16259000,276475,453602.29500000,40086385.76699000,0
1772078400000,87.95000000,89.05000000,87.22000000,87.24000000,460862.95000000,1772092799999,40462226.28461000,176400,180874.87900000,15888787.95295000,0
1772092800000,87.24000000,88.71000000,86.60000000,86.82000000,466378.44000000,1772107199999,40847611.97051000,163808,227370.60500000,19923125.71948000,0
1772107200000,86.82000000,88.26000000,85.27000000,86.56000000,621958.74200000,1772121599999,53986482.59890000,340532,301681.11300000,26186282.15323000,0
1772121600000,86.57000000,86.75000000,84.34000000,86.47000000,737319.89000000,1772135999999,62960947.22969000,308671,376839.65700000,32191747.80970000,0
1772136000000,86.47000000,86.87000000,85.73000000,85.91000000,261174.29100000,1772150399999,22501043.69619000,115155,132576.32200000,11423978.74981000,0
1772150400000,85.91000000,87.82000000,85.19000000,87.63000000,331556.01900000,1772164799999,28593563.41293000,153430,175843.78500000,15171289.60830000,0
1772164800000,87.63000000,88.29000000,86.81000000,87.31000000,371654.86300000,1772179199999,32510658.19266000,145906,169511.81400000,14836816.26845000,0
1772179200000,87.31000000,87.93000000,83.35000000,83.59000000,631826.71300000,1772193599999,54098543.42302000,226746,284629.28200000,24404873.60056000,0
1772193600000,83.59000000,83.76000000,81.95000000,82.70000000,917546.35100000,1772207999999,75997127.35638000,364359,461496.47100000,38233034.36072000,0
1772208000000,82.70000000,82.70000000,81.11000000,81.57000000,655568.69000000,1772222399999,53531382.93133000,259242,295689.73900000,24140732.85903000,0
1772222400000,81.57000000,82.11000000,80.32000000,81.85000000,462346.72300000,1772236799999,37641123.99873000,141153,220918.44600000,17997600.21006000,0
1772236800000,81.84000000,82.27000000,81.55000000,81.74000000,195519.45100000,1772251199999,16024415.00142000,90677,97633.28900000,8002083.37468000,0
1772251200000,81.75000000,81.90000000,77.12000000,78.71000000,1158965.03400000,1772265599999,91553419.67012000,445790,561454.09900000,44290980.72308000,0
1772265600000,78.70000000,79.60000000,77.74000000,78.78000000,1076217.70000000,1772279999999,84641490.23964000,249762,478274.57900000,37597985.09881000,0
1772280000000,78.78000000,81.51000000,78.59000000,80.92000000,972036.66300000,1772294399999,77955591.78861000,327832,495707.14100000,39773233.89800000,0
1772294400000,80.91000000,82.91000000,80.50000000,82.21000000,612172.33500000,1772308799999,49998879.09128000,224548,325416.72700000,26589087.06353000,0
1772308800000,82.22000000,85.65000000,81.97000000,84.35000000,722788.69600000,1772323199999,60844307.52081000,313814,358457.83400000,30167901.22805000,0
1772323200000,84.35000000,88.90000000,84.25000000,88.02000000,1243291.93800000,1772337599999,108276864.81679000,425371,600288.42300000,52256439.05628000,0
1772337600000,88.02000000,88.26000000,86.16000000,86.63000000,577621.13100000,1772351999999,50340161.44297000,213116,255245.55000000,22251667.97736000,0
1772352000000,86.63000000,86.83000000,84.71000000,85.18000000,563401.52800000,1772366399999,48115602.56965000,187210,268001.21900000,22877133.09898000,0
1772366400000,85.18000000,86.98000000,84.51000000,85.67000000,647556.01500000,1772380799999,55637851.35896000,268752,336539.51700000,28918739.30974000,0
1772380800000,85.67000000,86.10000000,83.03000000,83.23000000,723186.56900000,1772395199999,60957518.07414000,271738,349245.04300000,29442297.34360000,0
1772395200000,83.23000000,84.12000000,81.69000000,83.60000000,680137.04100000,1772409599999,56376575.63456000,272918,334122.46500000,27714162.75862000,0
1772409600000,83.61000000,86.18000000,83.46000000,84.78000000,654789.29000000,1772423999999,55414850.27225000,287333,344978.76500000,29211428.90225000,0
1772424000000,84.78000000,84.84000000,82.38000000,82.95000000,490483.05600000,1772438399999,41014166.48698000,190564,203733.62700000,17032533.69639000,0
1772438400000,82.96000000,84.29000000,82.37000000,83.89000000,580427.61200000,1772452799999,48490449.20353000,214808,278098.40400000,23240348.38212000,0
1772452800000,83.88000000,88.98000000,82.78000000,88.77000000,1522735.29500000,1772467199999,131505022.40311000,550292,818526.94100000,70778329.89159000,0
1772467200000,88.77000000,90.29000000,86.39000000,87.65000000,1223343.14400000,1772481599999,108058595.04907000,514517,606876.31900000,53639706.18688000,0
1772481600000,87.65000000,88.25000000,86.35000000,86.64000000,651654.86300000,1772495999999,56982991.86028000,254936,305792.54800000,26738195.42304000,0
1772496000000,86.65000000,87.32000000,85.23000000,86.31000000,536255.51000000,1772510399999,46296790.70209000,217662,259950.54500000,22445814.66150000,0
1772510400000,86.31000000,86.82000000,85.38000000,85.58000000,339964.67500000,1772524799999,29211226.21000000,156804,155852.04800000,13392878.74147000,0
1772524800000,85.58000000,85.59000000,85.56000000,85.57000000,125.88500000,1772539199999,10772.85989000,162,45.00700000,3851.55239000,0
