timestamp,datetime,spot_close,futures_close,price_diff,price_diff_pct,spot_volume,futures_volume,volume_diff_pct
1765252800000,2025-12-09 12:00,3123.0,3121.57,-1.43,-0.0458,45669.3221,381512.02,735.38
1765267200000,2025-12-09 16:00,3118.35,3116.91,-1.44,-0.0462,28056.408,348112.505,1140.76
1765281600000,2025-12-09 20:00,3245.88,3244.91,-0.97,-0.0299,155154.1408,1547794.215,897.58
1765296000000,2025-12-10 00:00,3357.88,3357.06,-0.82,-0.0244,241671.7299,2089098.95,764.44
1765310400000,2025-12-10 04:00,3318.04,3316.49,-1.55,-0.0467,90721.9235,722290.244,696.16
1765324800000,2025-12-10 08:00,3309.73,3308.0,-1.73,-0.0523,45078.3976,354269.292,685.9
1765339200000,2025-12-10 12:00,3327.21,3325.65,-1.56,-0.0469,42144.1814,296314.737,603.1
1765353600000,2025-12-10 16:00,3318.39,3316.75,-1.64,-0.0494,73454.6194,772820.147,952.11
1765368000000,2025-12-10 20:00,3328.25,3326.63,-1.62,-0.0487,64308.9848,641668.318,897.79
1765382400000,2025-12-11 00:00,3390.71,3388.97,-1.74,-0.0513,186919.8911,1685935.231,801.96
1765396800000,2025-12-11 04:00,3324.14,3322.79,-1.35,-0.0406,127679.3792,1061006.371,730.99
1765411200000,2025-12-11 08:00,3191.42,3189.78,-1.64,-0.0514,138432.0124,1307759.654,844.69
1765425600000,2025-12-11 12:00,3201.51,3199.97,-1.54,-0.0481,49737.3218,542279.018,990.29
1765440000000,2025-12-11 16:00,3192.75,3191.29,-1.46,-0.0457,38704.27,415214.668,972.79
1765454400000,2025-12-11 20:00,3179.25,3177.71,-1.54,-0.0484,92491.4111,1134781.654,1126.9
1765468800000,2025-12-12 00:00,3194.51,3192.7,-1.81,-0.0567,90002.7899,1022760.597,1036.37
1765483200000,2025-12-12 04:00,3237.39,3235.77,-1.62,-0.05,94746.4339,760167.514,702.32
1765497600000,2025-12-12 08:00,3245.49,3244.03,-1.46,-0.045,51913.2954,547849.055,955.32
1765512000000,2025-12-12 12:00,3246.55,3245.0,-1.55,-0.0477,34036.654,292460.99,759.25
1765526400000,2025-12-12 16:00,3242.59,3241.17,-1.42,-0.0438,38271.9698,339966.067,788.29
1765540800000,2025-12-12 20:00,3071.41,3070.0,-1.41,-0.0459,143185.8142,1715560.0,1098.14
1765555200000,2025-12-13 00:00,3073.74,3071.94,-1.8,-0.0586,142541.9537,1451516.493,918.31
1765569600000,2025-12-13 04:00,3084.86,3083.34,-1.52,-0.0493,25736.7564,269365.036,946.62
1765584000000,2025-12-13 08:00,3089.85,3088.46,-1.39,-0.045,16683.0837,151795.722,809.88
1765598400000,2025-12-13 12:00,3094.72,3093.19,-1.53,-0.0494,13025.1563,165652.931,1171.79
1765612800000,2025-12-13 16:00,3119.35,3117.99,-1.36,-0.0436,35477.1325,426725.822,1102.82
1765627200000,2025-12-13 20:00,3109.63,3108.1,-1.53,-0.0492,25324.4748,346641.325,1268.8
1765641600000,2025-12-14 00:00,3108.41,3107.12,-1.29,-0.0415,23595.4427,161932.759,586.29
1765656000000,2025-12-14 04:00,3114.64,3113.01,-1.63,-0.0523,22360.4667,197550.962,783.48
1765670400000,2025-12-14 08:00,3118.96,3117.4,-1.56,-0.05,17318.8749,184167.035,963.39
1765684800000,2025-12-14 12:00,3115.3,3113.78,-1.52,-0.0488,12759.8668,143691.956,1026.12
1765699200000,2025-12-14 16:00,3084.84,3083.45,-1.39,-0.0451,55728.5888,526486.112,844.73
1765713600000,2025-12-14 20:00,3084.51,3083.33,-1.18,-0.0383,46359.2301,633184.714,1265.82
1765728000000,2025-12-15 00:00,3093.71,3091.88,-1.83,-0.0592,88491.9595,501685.439,466.93
1765742400000,2025-12-15 04:00,3063.5,3062.02,-1.48,-0.0483,58399.8344,700779.052,1099.97
1765756800000,2025-12-15 08:00,3108.68,3107.48,-1.2,-0.0386,68229.9045,825483.534,1109.86
1765771200000,2025-12-15 12:00,3128.9,3127.34,-1.56,-0.0499,34378.0894,346841.73,908.9
1765785600000,2025-12-15 16:00,3156.73,3155.69,-1.04,-0.0329,45866.4503,579899.813,1164.32
1765800000000,2025-12-15 20:00,3010.96,3009.48,-1.48,-0.0492,165313.3397,1999664.779,1109.62
1765814400000,2025-12-16 00:00,2940.3,2938.68,-1.62,-0.0551,146722.7896,1735769.43,1083.03
1765828800000,2025-12-16 04:00,2964.85,2963.25,-1.6,-0.054,59999.382,593033.686,888.4
1765843200000,2025-12-16 08:00,2937.0,2935.44,-1.56,-0.0531,50152.4495,593744.874,1083.88
1765857600000,2025-12-16 12:00,2924.11,2922.62,-1.49,-0.051,65694.2387,754956.471,1049.2
1765872000000,2025-12-16 16:00,2957.93,2956.57,-1.36,-0.046,50801.8701,473748.089,832.54
1765886400000,2025-12-16 20:00,2963.31,2961.73,-1.58,-0.0533,117771.3622,1558979.658,1223.73
1765900800000,2025-12-17 00:00,2945.58,2943.8,-1.78,-0.0604,70556.5322,856984.505,1114.61
1765915200000,2025-12-17 04:00,2962.3,2960.84,-1.46,-0.0493,23316.6632,263002.112,1027.96
1765929600000,2025-12-17 08:00,2947.8,2946.45,-1.35,-0.0458,21063.3951,327521.359,1454.93
1765944000000,2025-12-17 12:00,2947.92,2946.59,-1.33,-0.0451,40306.4414,466416.924,1057.18
1765958400000,2025-12-17 16:00,2928.71,2927.36,-1.35,-0.0461,28398.9424,406035.085,1329.75
1765972800000,2025-12-17 20:00,2904.66,2903.23,-1.43,-0.0492,202478.3788,2326773.82,1049.15
1765987200000,2025-12-18 00:00,2820.28,2819.01,-1.27,-0.045,155552.7194,1908104.524,1126.66
1766001600000,2025-12-18 04:00,2833.49,2832.0,-1.49,-0.0526,49830.5391,451241.853,805.55
1766016000000,2025-12-18 08:00,2832.06,2830.57,-1.49,-0.0526,30115.801,368098.63,1122.28
1766030400000,2025-12-18 12:00,2836.45,2834.98,-1.47,-0.0518,25308.1925,287121.124,1034.5
1766044800000,2025-12-18 16:00,2859.09,2857.65,-1.44,-0.0504,30684.1722,386318.103,1159.01
1766059200000,2025-12-18 20:00,2965.19,2963.89,-1.3,-0.0438,215481.281,2375644.948,1002.48
1766073600000,2025-12-19 00:00,2781.93,2780.4,-1.53,-0.055,205062.6339,2243634.15,994.12
1766088000000,2025-12-19 04:00,2828.57,2827.3,-1.27,-0.0449,88601.7191,695024.64,684.44
1766102400000,2025-12-19 08:00,2909.01,2907.56,-1.45,-0.0498,123898.4272,1069254.843,763.01
1766116800000,2025-12-19 12:00,2951.73,2950.4,-1.33,-0.0451,96960.5859,910089.142,838.62
1766131200000,2025-12-19 16:00,2964.96,2964.0,-0.96,-0.0324,43082.5898,464072.342,977.17
1766145600000,2025-12-19 20:00,2964.99,2963.48,-1.51,-0.0509,149054.673,1330756.676,792.8
1766160000000,2025-12-20 00:00,2985.02,2983.61,-1.41,-0.0472,93755.7291,989243.528,955.13
1766174400000,2025-12-20 04:00,2979.5,2978.33,-1.17,-0.0393,24950.5389,261025.011,946.17
1766188800000,2025-12-20 08:00,2989.41,2987.97,-1.44,-0.0482,12846.4551,165642.828,1189.4
1766203200000,2025-12-20 12:00,2981.24,2980.25,-0.99,-0.0332,17802.9144,174843.339,882.11
1766217600000,2025-12-20 16:00,2987.13,2985.98,-1.15,-0.0385,14432.6945,189460.149,1212.72
1766232000000,2025-12-20 20:00,2977.27,2975.57,-1.7,-0.0571,25699.3196,359534.003,1299.0
1766246400000,2025-12-21 00:00,2978.05,2976.57,-1.48,-0.0497,13056.8688,78112.996,498.25
1766260800000,2025-12-21 04:00,2977.93,2976.54,-1.39,-0.0467,7945.521,70338.756,785.26
1766275200000,2025-12-21 08:00,2972.81,2971.7,-1.11,-0.0373,21624.4873,179679.766,730.91
1766289600000,2025-12-21 12:00,2981.09,2979.83,-1.26,-0.0423,6058.0404,75461.361,1145.64
1766304000000,2025-12-21 16:00,2996.52,2995.16,-1.36,-0.0454,37511.9829,419949.82,1019.51
1766318400000,2025-12-21 20:00,2974.68,2973.23,-1.45,-0.0487,47803.6499,684332.218,1331.55
1766332800000,2025-12-22 00:00,2991.18,2989.48,-1.7,-0.0568,24256.6751,300762.838,1139.92
1766347200000,2025-12-22 04:00,3002.02,3000.62,-1.4,-0.0466,24989.9711,220752.474,783.36
1766361600000,2025-12-22 08:00,3021.52,3020.18,-1.34,-0.0443,67518.0299,1009782.984,1395.58
1766376000000,2025-12-22 12:00,3029.67,3028.38,-1.29,-0.0426,23753.1837,313620.918,1220.33
1766390400000,2025-12-22 16:00,3049.04,3047.61,-1.43,-0.0469,35463.9382,498299.525,1305.09
1766404800000,2025-12-22 20:00,3052.59,3051.22,-1.37,-0.0449,70632.5652,999125.541,1314.54
1766419200000,2025-12-23 00:00,2980.44,2979.15,-1.29,-0.0433,55772.3856,679967.426,1119.18
1766433600000,2025-12-23 04:00,3009.49,3008.49,-1.0,-0.0332,45303.4607,527209.373,1063.73
1766448000000,2025-12-23 08:00,2991.8,2990.48,-1.32,-0.0441,52521.8213,524072.323,897.82
1766462400000,2025-12-23 12:00,2964.89,2963.58,-1.31,-0.0442,70774.1346,562333.806,694.55
1766476800000,2025-12-23 16:00,2973.63,2972.06,-1.57,-0.0528,22052.4785,270312.717,1125.77
1766491200000,2025-12-23 20:00,2928.59,2927.39,-1.2,-0.041,96611.7545,1211030.215,1153.5
1766505600000,2025-12-24 00:00,2943.92,2942.71,-1.21,-0.0411,66566.6724,961264.321,1344.06
1766520000000,2025-12-24 04:00,2965.02,2963.29,-1.73,-0.0583,77938.8857,496922.772,537.58
1766534400000,2025-12-24 08:00,2945.75,2944.47,-1.28,-0.0435,37427.1687,446998.043,1094.31
1766548800000,2025-12-24 12:00,2932.68,2931.5,-1.18,-0.0402,35394.642,455900.813,1188.05
1766563200000,2025-12-24 16:00,2925.02,2923.96,-1.06,-0.0362,29363.6813,393961.608,1241.66
1766577600000,2025-12-24 20:00,2925.55,2924.2,-1.35,-0.0461,44957.6081,714936.129,1490.25
1766592000000,2025-12-25 00:00,2945.72,2944.78,-0.94,-0.0319,32340.0522,432583.251,1237.61
1766606400000,2025-12-25 04:00,2947.47,2946.23,-1.24,-0.0421,17552.4075,178272.086,915.66
1766620800000,2025-12-25 08:00,2947.15,2945.9,-1.25,-0.0424,13645.1601,161796.738,1085.74
1766635200000,2025-12-25 12:00,2941.56,2940.83,-0.73,-0.0248,17963.7439,112785.062,527.85
1766649600000,2025-12-25 16:00,2924.88,2923.51,-1.37,-0.0468,26993.2817,342948.915,1170.5
1766664000000,2025-12-25 20:00,2961.14,2959.68,-1.46,-0.0493,50360.9413,453553.349,800.61
1766678400000,2025-12-26 00:00,2956.41,2955.15,-1.26,-0.0426,40199.7035,296392.905,637.3
1766692800000,2025-12-26 04:00,2903.95,2902.32,-1.63,-0.0561,39558.4676,466418.873,1079.06
1766707200000,2025-12-26 08:00,2964.92,2963.76,-1.16,-0.0391,85472.0655,1013287.489,1085.52
1766721600000,2025-12-26 12:00,2956.83,2955.43,-1.4,-0.0473,56536.7528,459938.641,713.52
1766736000000,2025-12-26 16:00,2964.75,2963.66,-1.09,-0.0368,27704.0127,260876.346,841.66
1766750400000,2025-12-26 20:00,2923.19,2921.5,-1.69,-0.0578,102372.8741,1235292.793,1106.66
1766764800000,2025-12-27 00:00,2925.99,2924.5,-1.49,-0.0509,29323.5571,379803.329,1195.22
1766779200000,2025-12-27 04:00,2927.99,2926.82,-1.17,-0.04,13421.7367,162745.361,1112.55
1766793600000,2025-12-27 08:00,2933.4,2931.98,-1.42,-0.0484,12504.4062,105457.968,743.37
1766808000000,2025-12-27 12:00,2933.27,2931.47,-1.8,-0.0614,9579.6222,97394.913,916.69
1766822400000,2025-12-27 16:00,2930.88,2929.58,-1.3,-0.0444,22992.0865,238624.649,937.86
1766836800000,2025-12-27 20:00,2926.5,2925.53,-0.97,-0.0331,11659.5727,104305.95,794.59
1766851200000,2025-12-28 00:00,2930.82,2929.6,-1.22,-0.0416,12392.4561,112609.207,808.69
1766865600000,2025-12-28 04:00,2949.05,2947.61,-1.44,-0.0488,25912.2519,241120.008,830.53
1766880000000,2025-12-28 08:00,2943.58,2942.34,-1.24,-0.0421,13874.2237,123844.508,792.62
1766894400000,2025-12-28 12:00,2939.0,2937.96,-1.04,-0.0354,12300.1573,165596.304,1246.29
1766908800000,2025-12-28 16:00,2944.09,2942.99,-1.1,-0.0374,18702.5796,171967.02,819.48
1766923200000,2025-12-28 20:00,2949.46,2948.0,-1.46,-0.0495,33669.6711,227362.374,575.27
1766937600000,2025-12-29 00:00,2933.61,2932.18,-1.43,-0.0487,29530.2686,259924.848,780.2
1766952000000,2025-12-29 04:00,2950.91,2949.6,-1.31,-0.0444,20757.2387,207645.603,900.35
1766966400000,2025-12-29 08:00,3043.75,3042.3,-1.45,-0.0476,101995.3642,1083093.395,961.9
1766980800000,2025-12-29 12:00,3019.51,3018.46,-1.05,-0.0348,103030.9462,687977.921,567.74
1766995200000,2025-12-29 16:00,2959.91,2958.52,-1.39,-0.047,84829.1665,950738.037,1020.77
1767009600000,2025-12-29 20:00,2935.75,2934.02,-1.73,-0.0589,119862.5897,1464566.714,1121.87
1767024000000,2025-12-30 00:00,2932.48,2930.88,-1.6,-0.0546,51908.4218,572916.443,1003.71
1767038400000,2025-12-30 04:00,2937.9,2936.45,-1.45,-0.0494,24332.694,216168.176,788.39
1767052800000,2025-12-30 08:00,2951.91,2950.6,-1.31,-0.0444,30076.5563,352507.494,1072.03
1767067200000,2025-12-30 12:00,2950.79,2949.43,-1.36,-0.0461,26514.3134,264122.904,896.15
1767081600000,2025-12-30 16:00,2978.88,2977.85,-1.03,-0.0346,59053.3564,745042.45,1161.64
1767096000000,2025-12-30 20:00,2989.77,2988.48,-1.29,-0.0431,93742.7732,972475.51,937.39
1767110400000,2025-12-31 00:00,2971.56,2970.32,-1.24,-0.0417,54745.6584,632362.441,1055.09
1767124800000,2025-12-31 04:00,2973.69,2972.22,-1.47,-0.0494,22450.6302,193967.276,763.97
1767139200000,2025-12-31 08:00,2970.69,2969.18,-1.51,-0.0508,20321.8507,288341.311,1318.87
1767153600000,2025-12-31 12:00,2976.98,2975.52,-1.46,-0.049,17669.201,145372.109,722.74
1767168000000,2025-12-31 16:00,3002.2,3000.48,-1.72,-0.0573,54160.4918,376756.781,595.63
1767182400000,2025-12-31 20:00,2985.76,2984.3,-1.46,-0.0489,77365.9324,933156.921,1106.16
1767196800000,2026-01-01 00:00,2971.15,2970.21,-0.94,-0.0316,38835.5156,451563.289,1062.76
1767211200000,2026-01-01 04:00,2971.64,2970.4,-1.24,-0.0417,25376.5972,216324.386,752.46
1767225600000,2026-01-01 08:00,2980.0,2979.01,-0.99,-0.0332,14277.7037,133067.175,831.99
1767240000000,2026-01-01 12:00,2978.53,2977.18,-1.35,-0.0453,24119.3745,122145.25,406.42
1767254400000,2026-01-01 16:00,2989.69,2988.0,-1.69,-0.0565,18658.7012,127641.614,584.09
1767268800000,2026-01-01 20:00,2989.87,2988.44,-1.43,-0.0478,24220.7859,221631.06,815.04
1767283200000,2026-01-02 00:00,2995.42,2994.06,-1.36,-0.0454,28557.2596,272023.009,852.55
1767297600000,2026-01-02 04:00,3004.19,3002.49,-1.7,-0.0566,26254.6958,201595.813,667.85
1767312000000,2026-01-02 08:00,3022.53,3021.04,-1.49,-0.0493,40245.6068,462507.608,1049.21
1767326400000,2026-01-02 12:00,3018.33,3017.0,-1.33,-0.0441,25581.588,385068.778,1405.26
1767340800000,2026-01-02 16:00,3047.82,3046.7,-1.12,-0.0367,67146.8837,812443.76,1109.95
1767355200000,2026-01-02 20:00,3086.64,3085.09,-1.55,-0.0502,103779.6548,1450276.871,1297.46
1767369600000,2026-01-03 00:00,3123.62,3122.46,-1.16,-0.0371,103511.24,1229567.483,1087.86
1767384000000,2026-01-03 04:00,3125.45,3123.89,-1.56,-0.0499,29626.2716,292419.225,887.03
1767398400000,2026-01-03 08:00,3125.56,3123.9,-1.66,-0.0531,21639.9351,173512.584,701.82
1767412800000,2026-01-03 12:00,3090.5,3089.51,-0.99,-0.032,37848.5768,457906.646,1109.84
1767427200000,2026-01-03 16:00,3098.49,3097.0,-1.49,-0.0481,24186.4409,287700.138,1089.51
1767441600000,2026-01-03 20:00,3101.31,3099.92,-1.39,-0.0448,21597.531,238314.189,1003.43
1767456000000,2026-01-04 00:00,3113.13,3112.0,-1.13,-0.0363,13958.2898,148425.481,963.35
1767470400000,2026-01-04 04:00,3127.11,3125.47,-1.64,-0.0524,15174.4522,160738.562,959.27
1767484800000,2026-01-04 08:00,3147.36,3145.73,-1.63,-0.0518,48314.7056,512447.964,960.65
1767499200000,2026-01-04 12:00,3141.29,3139.51,-1.78,-0.0567,39164.635,328217.711,738.05
1767513600000,2026-01-04 16:00,3139.54,3138.32,-1.22,-0.0389,25325.4415,289034.15,1041.28
1767528000000,2026-01-04 20:00,3135.55,3134.14,-1.41,-0.045,25571.0536,272959.045,967.45
1767542400000,2026-01-05 00:00,3132.72,3131.31,-1.41,-0.045,22056.3594,235732.448,968.77
1767556800000,2026-01-05 04:00,3144.7,3143.32,-1.38,-0.0439,21143.8735,249511.472,1080.07
1767571200000,2026-01-05 08:00,3185.86,3184.74,-1.12,-0.0352,78748.0623,903116.848,1046.84
1767585600000,2026-01-05 12:00,3157.33,3156.0,-1.33,-0.0421,46393.4312,726239.775,1465.39
1767600000000,2026-01-05 16:00,3180.27,3178.88,-1.39,-0.0437,35017.8247,397059.116,1033.88
1767614400000,2026-01-05 20:00,3195.57,3194.49,-1.08,-0.0338,75457.2182,1013321.998,1242.91
1767628800000,2026-01-06 00:00,3223.07,3221.63,-1.44,-0.0447,84699.9838,945405.778,1016.18
1767643200000,2026-01-06 04:00,3224.99,3223.71,-1.28,-0.0397,62130.1416,545811.985,778.5
1767657600000,2026-01-06 08:00,3225.1,3223.88,-1.22,-0.0378,41660.2045,402617.323,866.43
1767672000000,2026-01-06 12:00,3219.24,3218.01,-1.23,-0.0382,43424.5658,540058.226,1143.67
1767686400000,2026-01-06 16:00,3238.08,3236.36,-1.72,-0.0531,31791.5748,283760.395,792.56
1767700800000,2026-01-06 20:00,3272.32,3270.74,-1.58,-0.0483,128299.7324,1555393.145,1112.31
1767715200000,2026-01-07 00:00,3223.57,3222.18,-1.39,-0.0431,114076.954,1176588.448,931.4
1767729600000,2026-01-07 04:00,3296.84,3295.46,-1.38,-0.0419,53250.4751,628617.944,1080.49
1767744000000,2026-01-07 08:00,3266.83,3265.57,-1.26,-0.0386,42293.9943,579224.549,1269.52
1767758400000,2026-01-07 12:00,3255.31,3253.99,-1.32,-0.0405,22149.3916,271044.849,1123.71
1767772800000,2026-01-07 16:00,3220.24,3218.75,-1.49,-0.0463,64927.4387,945590.152,1356.38
1767787200000,2026-01-07 20:00,3164.7,3163.53,-1.17,-0.037,91685.5827,1393902.197,1420.31
1767801600000,2026-01-08 00:00,3146.02,3144.37,-1.65,-0.0524,58204.1941,866529.109,1388.77
1767816000000,2026-01-08 04:00,3168.72,3167.52,-1.2,-0.0379,42089.5211,484035.292,1050.01
1767830400000,2026-01-08 08:00,3142.88,3141.35,-1.53,-0.0487,39920.8253,388178.758,872.37
1767844800000,2026-01-08 12:00,3128.28,3126.41,-1.87,-0.0598,59556.3234,778811.181,1207.69
1767859200000,2026-01-08 16:00,3121.24,3119.35,-1.89,-0.0606,46446.0065,653716.282,1307.48
1767873600000,2026-01-08 20:00,3104.2,3102.89,-1.31,-0.0422,115339.8326,1402564.226,1116.03
1767888000000,2026-01-09 00:00,3111.53,3110.13,-1.4,-0.045,53648.4349,691620.906,1189.17
1767902400000,2026-01-09 04:00,3106.65,3105.45,-1.2,-0.0386,28704.6778,330084.08,1049.93
1767916800000,2026-01-09 08:00,3119.6,3118.38,-1.22,-0.0391,49958.428,579827.409,1060.62
1767931200000,2026-01-09 12:00,3111.2,3109.75,-1.45,-0.0466,17294.1278,182825.737,957.16
1767945600000,2026-01-09 16:00,3090.36,3088.99,-1.37,-0.0443,40427.3691,580453.07,1335.79
1767960000000,2026-01-09 20:00,3112.08,3111.39,-0.69,-0.0222,86674.2014,1290277.425,1388.65
1767974400000,2026-01-10 00:00,3080.6,3079.0,-1.6,-0.0519,56163.5771,775732.938,1281.2
1767988800000,2026-01-10 04:00,3088.4,3087.15,-1.25,-0.0405,24069.7499,279840.206,1062.62
1768003200000,2026-01-10 08:00,3086.51,3085.52,-0.99,-0.0321,10803.586,121450.212,1024.17
1768017600000,2026-01-10 12:00,3092.77,3091.5,-1.27,-0.0411,20280.0951,121216.256,497.71
1768032000000,2026-01-10 16:00,3096.99,3095.64,-1.35,-0.0436,19119.5953,138667.002,625.26
1768046400000,2026-01-10 20:00,3095.64,3094.12,-1.52,-0.0491,12501.0934,135440.912,983.43
1768060800000,2026-01-11 00:00,3092.12,3090.79,-1.33,-0.043,8420.0952,70501.359,737.3
1768075200000,2026-01-11 04:00,3086.72,3085.47,-1.25,-0.0405,11216.5896,103200.578,820.07
1768089600000,2026-01-11 08:00,3096.78,3095.48,-1.3,-0.042,6690.1603,84779.251,1167.22
1768104000000,2026-01-11 12:00,3095.32,3094.03,-1.29,-0.0417,10462.9255,101214.22,867.36
1768118400000,2026-01-11 16:00,3105.22,3103.8,-1.42,-0.0457,16569.4584,145254.711,776.64
1768132800000,2026-01-11 20:00,3118.22,3116.89,-1.33,-0.0427,35550.031,319133.86,797.7
1768147200000,2026-01-12 00:00,3124.36,3123.47,-0.89,-0.0285,36016.8437,454463.779,1161.81
1768161600000,2026-01-12 04:00,3123.45,3122.0,-1.45,-0.0464,44091.8776,409265.762,828.21
1768176000000,2026-01-12 08:00,3152.55,3151.18,-1.37,-0.0435,72306.4411,786884.087,988.26
1768190400000,2026-01-12 12:00,3135.34,3133.96,-1.38,-0.044,25464.2607,359559.534,1312.02
1768204800000,2026-01-12 16:00,3115.43,3114.12,-1.31,-0.042,40245.0871,617818.107,1435.14
1768219200000,2026-01-12 20:00,3130.17,3128.66,-1.51,-0.0482,73683.7355,993733.656,1248.65
1768233600000,2026-01-13 00:00,3121.83,3120.33,-1.5,-0.048,57077.6791,804513.463,1309.51
1768248000000,2026-01-13 04:00,3095.75,3093.84,-1.91,-0.0617,28596.2646,316837.892,1007.97
1768262400000,2026-01-13 08:00,3116.14,3114.98,-1.16,-0.0372,22531.1335,301275.527,1237.15
1768276800000,2026-01-13 12:00,3122.01,3121.08,-0.93,-0.0298,38274.2613,512413.45,1238.79
1768291200000,2026-01-13 16:00,3133.95,3132.77,-1.18,-0.0377,33910.3954,320235.807,844.36
1768305600000,2026-01-13 20:00,3184.41,3183.11,-1.3,-0.0408,96545.2406,1233395.062,1177.53
1768320000000,2026-01-14 00:00,3215.9,3214.45,-1.45,-0.0451,73955.9338,892316.216,1106.55
1768334400000,2026-01-14 04:00,3325.82,3324.69,-1.13,-0.034,192565.317,1461919.755,659.18
1768348800000,2026-01-14 08:00,3351.95,3351.04,-0.91,-0.0271,85543.415,651111.262,661.15
1768363200000,2026-01-14 12:00,3335.78,3334.88,-0.9,-0.027,63136.2459,484874.124,667.98
1768377600000,2026-01-14 16:00,3286.22,3285.2,-1.02,-0.031,58774.1212,568679.898,867.57
1768392000000,2026-01-14 20:00,3345.81,3344.19,-1.62,-0.0484,107556.326,1286402.312,1096.03
1768406400000,2026-01-15 00:00,3367.42,3366.49,-0.93,-0.0276,136432.6272,1453952.337,965.69
1768420800000,2026-01-15 04:00,3354.92,3353.27,-1.65,-0.0492,51997.3406,439133.901,744.53
1768435200000,2026-01-15 08:00,3286.55,3284.79,-1.76,-0.0536,57564.0628,602166.195,946.08
1768449600000,2026-01-15 12:00,3330.0,3328.63,-1.37,-0.0411,36938.0988,379922.53,928.54
1768464000000,2026-01-15 16:00,3349.96,3348.63,-1.33,-0.0397,56429.5116,681515.065,1107.73
1768478400000,2026-01-15 20:00,3330.65,3328.93,-1.72,-0.0516,109387.0046,1296442.029,1085.19
1768492800000,2026-01-16 00:00,3295.48,3294.01,-1.47,-0.0446,95663.6814,860985.724,800.01
1768507200000,2026-01-16 04:00,3318.69,3317.0,-1.69,-0.0509,34011.4768,310951.281,814.25
1768521600000,2026-01-16 08:00,3295.21,3293.9,-1.31,-0.0398,26232.6895,278154.059,960.33
1768536000000,2026-01-16 12:00,3309.41,3308.16,-1.25,-0.0378,39155.7934,444154.888,1034.33
1768550400000,2026-01-16 16:00,3301.94,3300.69,-1.25,-0.0379,24987.7787,260687.091,943.26
1768564800000,2026-01-16 20:00,3264.18,3263.04,-1.14,-0.0349,65806.1923,816664.898,1141.02
1768579200000,2026-01-17 00:00,3276.94,3275.64,-1.3,-0.0397,40718.886,491661.737,1107.45
1768593600000,2026-01-17 04:00,3296.28,3294.77,-1.51,-0.0458,27020.4477,258859.483,858.01
1768608000000,2026-01-17 08:00,3289.32,3288.12,-1.2,-0.0365,11302.5507,103107.133,812.25
1768622400000,2026-01-17 12:00,3291.57,3290.09,-1.48,-0.045,8025.4566,83410.702,939.33
1768636800000,2026-01-17 16:00,3302.72,3301.4,-1.32,-0.04,19466.0816,190867.386,880.51
1768651200000,2026-01-17 20:00,3329.95,3328.13,-1.82,-0.0547,42521.6103,390183.703,817.61
1768665600000,2026-01-18 00:00,3316.36,3315.1,-1.26,-0.038,27286.9449,237302.859,769.66
1768680000000,2026-01-18 04:00,3310.56,3308.87,-1.69,-0.051,15722.3862,143756.074,814.34
1768694400000,2026-01-18 08:00,3316.16,3314.52,-1.64,-0.0495,14955.0073,167361.245,1019.1
1768708800000,2026-01-18 12:00,3307.3,3305.66,-1.64,-0.0496,19441.7668,115608.432,494.64
1768723200000,2026-01-18 16:00,3322.0,3320.6,-1.4,-0.0421,26425.7891,197684.732,648.08
1768737600000,2026-01-18 20:00,3333.99,3332.31,-1.68,-0.0504,32494.8908,419804.502,1191.91
1768752000000,2026-01-19 00:00,3346.56,3345.36,-1.2,-0.0359,28977.7552,367403.056,1167.88
1768766400000,2026-01-19 04:00,3284.03,3282.77,-1.26,-0.0384,51059.0934,548656.503,974.55
1768780800000,2026-01-19 08:00,3212.29,3210.36,-1.93,-0.0601,189671.1361,1751682.053,823.54
1768795200000,2026-01-19 12:00,3207.47,3205.74,-1.73,-0.0539,86267.3546,446291.955,417.34
1768809600000,2026-01-19 16:00,3223.91,3222.18,-1.73,-0.0537,62305.8434,365703.184,486.95
1768824000000,2026-01-19 20:00,3216.21,3214.47,-1.74,-0.0541,39678.1061,324701.382,718.34
1768838400000,2026-01-20 00:00,3219.95,3218.34,-1.61,-0.05,20446.9647,181999.244,790.1
1768852800000,2026-01-20 04:00,3189.55,3188.01,-1.54,-0.0483,44171.1547,495509.882,1021.8
1768867200000,2026-01-20 08:00,3188.67,3187.41,-1.26,-0.0395,31249.1524,365402.161,1069.32
1768881600000,2026-01-20 12:00,3123.37,3121.5,-1.87,-0.0599,92886.9592,1107438.935,1092.24
1768896000000,2026-01-20 16:00,3109.88,3108.14,-1.74,-0.056,80416.5277,755840.179,839.91
1768910400000,2026-01-20 20:00,3032.99,3031.06,-1.93,-0.0636,151528.8906,1902768.391,1155.71
1768924800000,2026-01-21 00:00,2996.49,2995.04,-1.45,-0.0484,80445.9788,914651.463,1036.98
1768939200000,2026-01-21 04:00,2939.88,2938.24,-1.64,-0.0558,81638.97,817116.489,900.89
1768953600000,2026-01-21 08:00,2981.76,2980.27,-1.49,-0.05,52743.8817,629787.905,1094.05
1768968000000,2026-01-21 12:00,2970.6,2969.01,-1.59,-0.0535,43953.8509,455591.036,936.52
1768982400000,2026-01-21 16:00,2943.0,2942.17,-0.83,-0.0282,47857.5216,424450.579,786.9
1768996800000,2026-01-21 20:00,3002.69,3001.22,-1.47,-0.049,152744.3548,1889835.333,1137.25
1769011200000,2026-01-22 00:00,3055.56,3054.07,-1.49,-0.0488,209234.4299,2388005.768,1041.31
1769025600000,2026-01-22 04:00,2982.27,2980.66,-1.61,-0.054,71266.2092,742023.896,941.2
1769040000000,2026-01-22 08:00,3013.41,3012.24,-1.17,-0.0388,40907.9309,488832.813,1094.96
1769054400000,2026-01-22 12:00,3000.94,2999.71,-1.23,-0.041,30603.7031,243955.676,697.14
1769068800000,2026-01-22 16:00,2986.8,2984.78,-2.02,-0.0676,36510.9344,446006.982,1121.57
1769083200000,2026-01-22 20:00,2942.01,2940.72,-1.29,-0.0438,106579.0097,1437927.557,1249.17
1769097600000,2026-01-23 00:00,2953.94,2952.56,-1.38,-0.0467,48457.5714,628336.811,1196.67
1769112000000,2026-01-23 04:00,2952.69,2951.21,-1.48,-0.0501,28601.5854,265976.384,829.94
1769126400000,2026-01-23 08:00,2964.42,2963.17,-1.25,-0.0422,22069.3863,197285.923,793.93
1769140800000,2026-01-23 12:00,2948.49,2946.84,-1.65,-0.056,46545.6544,457590.402,883.1
1769155200000,2026-01-23 16:00,2940.68,2939.52,-1.16,-0.0394,56738.2502,461077.012,712.64
1769169600000,2026-01-23 20:00,2952.75,2951.08,-1.67,-0.0566,74272.5747,902366.41,1114.94
1769184000000,2026-01-24 00:00,2959.8,2958.24,-1.56,-0.0527,94167.9053,1115451.398,1084.53
1769198400000,2026-01-24 04:00,2956.41,2955.08,-1.33,-0.045,24621.5608,287330.021,1066.99
1769212800000,2026-01-24 08:00,2962.72,2961.1,-1.62,-0.0547,19180.1792,147297.034,667.96
1769227200000,2026-01-24 12:00,2957.34,2956.0,-1.34,-0.0453,16552.4734,105707.528,538.62
1769241600000,2026-01-24 16:00,2961.18,2959.93,-1.25,-0.0422,7645.161,72614.98,849.82
1769256000000,2026-01-24 20:00,2957.25,2955.55,-1.7,-0.0575,21086.4614,218582.286,936.6
1769270400000,2026-01-25 00:00,2953.93,2952.77,-1.16,-0.0393,14150.0816,147948.608,945.57
1769284800000,2026-01-25 04:00,2953.22,2952.09,-1.13,-0.0383,13468.5473,90434.841,571.45
1769299200000,2026-01-25 08:00,2942.6,2941.54,-1.06,-0.036,14633.9687,163007.517,1013.9
1769313600000,2026-01-25 12:00,2939.57,2938.43,-1.14,-0.0388,15127.5126,160391.705,960.26
1769328000000,2026-01-25 16:00,2937.54,2936.16,-1.38,-0.047,26614.8719,282545.564,961.61
1769342400000,2026-01-25 20:00,2926.81,2925.54,-1.27,-0.0434,24962.6202,267548.624,971.8
1769356800000,2026-01-26 00:00,2812.96,2810.9,-2.06,-0.0732,193895.4063,1878474.872,868.81
1769371200000,2026-01-26 04:00,2816.89,2815.49,-1.4,-0.0497,104952.1529,887300.925,745.43
1769385600000,2026-01-26 08:00,2850.68,2849.69,-0.99,-0.0347,103456.7027,1139380.033,1001.31
1769400000000,2026-01-26 12:00,2904.32,2902.99,-1.33,-0.0458,70449.5297,688870.404,877.82
1769414400000,2026-01-26 16:00,2892.15,2890.92,-1.23,-0.0425,58700.9528,694583.759,1083.26
1769428800000,2026-01-26 20:00,2899.32,2898.12,-1.2,-0.0414,115201.556,1327264.385,1052.12
1769443200000,2026-01-27 00:00,2923.12,2921.94,-1.18,-0.0404,66316.68,847331.744,1177.71
1769457600000,2026-01-27 04:00,2930.35,2928.9,-1.45,-0.0495,71043.916,515194.245,625.18
1769472000000,2026-01-27 08:00,2941.18,2939.68,-1.5,-0.051,58753.8705,329008.465,459.98
1769486400000,2026-01-27 12:00,2929.11,2927.94,-1.17,-0.0399,52881.5063,324529.667,513.69
1769500800000,2026-01-27 16:00,2917.02,2915.89,-1.13,-0.0387,55309.1442,371558.446,571.78
1769515200000,2026-01-27 20:00,2937.45,2936.17,-1.28,-0.0436,67431.6111,671479.544,895.79
1769529600000,2026-01-28 00:00,2980.48,2979.46,-1.02,-0.0342,130629.9434,1488670.514,1039.61
1769544000000,2026-01-28 04:00,3026.77,3024.92,-1.85,-0.0611,113786.3233,707682.182,521.94
1769558400000,2026-01-28 08:00,3005.18,3003.79,-1.39,-0.0463,26992.6585,293114.311,985.9
1769572800000,2026-01-28 12:00,3005.07,3004.06,-1.01,-0.0336,34894.0853,270072.555,673.98
1769587200000,2026-01-28 16:00,3039.72,3038.41,-1.31,-0.0431,57899.7112,581524.043,904.36
1769601600000,2026-01-28 20:00,3008.25,3006.25,-2.0,-0.0665,79326.4621,775894.585,878.1
1769616000000,2026-01-29 00:00,3016.6,3015.25,-1.35,-0.0448,64622.6941,696139.572,977.24
1769630400000,2026-01-29 04:00,3010.78,3009.36,-1.42,-0.0472,32872.0437,358505.681,990.61
1769644800000,2026-01-29 08:00,2952.52,2951.4,-1.12,-0.0379,54242.7483,683123.354,1159.38
1769659200000,2026-01-29 12:00,2961.54,2960.11,-1.43,-0.0483,30942.7833,309089.595,898.91
1769673600000,2026-01-29 16:00,2929.29,2928.08,-1.21,-0.0413,46623.7633,509413.938,992.61
1769688000000,2026-01-29 20:00,2824.32,2822.65,-1.67,-0.0591,140222.2492,1786650.209,1174.16
1769702400000,2026-01-30 00:00,2797.53,2796.53,-1.0,-0.0357,242269.3264,2066454.83,752.96
1769716800000,2026-01-30 04:00,2822.59,2821.0,-1.59,-0.0563,46987.7274,401774.081,755.06
1769731200000,2026-01-30 08:00,2741.11,2739.74,-1.37,-0.05,182314.4807,1576123.926,764.51
1769745600000,2026-01-30 12:00,2740.16,2738.43,-1.73,-0.0631,103133.5444,879040.657,752.33
1769760000000,2026-01-30 16:00,2759.88,2758.5,-1.38,-0.05,65278.2179,650734.827,896.86
1769774400000,2026-01-30 20:00,2729.47,2727.63,-1.84,-0.0674,123239.403,1238295.679,904.79
1769788800000,2026-01-31 00:00,2742.4,2741.36,-1.04,-0.0379,205002.4188,1792882.449,774.57
1769803200000,2026-01-31 04:00,2707.38,2705.66,-1.72,-0.0635,114311.5604,946728.37,728.2
1769817600000,2026-01-31 08:00,2695.86,2694.79,-1.07,-0.0397,31607.4725,279521.619,784.35
1769832000000,2026-01-31 12:00,2680.06,2678.86,-1.2,-0.0448,36477.2886,350976.519,862.18
1769846400000,2026-01-31 16:00,2640.72,2639.04,-1.68,-0.0636,101951.5948,1040511.269,920.59
1769860800000,2026-01-31 20:00,2534.2,2532.61,-1.59,-0.0627,226209.6577,2173192.215,860.7
1769875200000,2026-02-01 00:00,2382.82,2381.56,-1.26,-0.0529,562612.3808,4601129.276,717.82
1769889600000,2026-02-01 04:00,2451.95,2450.38,-1.57,-0.064,154239.3188,1152001.027,646.89
1769904000000,2026-02-01 08:00,2445.46,2444.17,-1.29,-0.0528,92986.2376,564633.344,507.22
1769918400000,2026-02-01 12:00,2411.22,2409.99,-1.23,-0.051,122634.216,718983.987,486.28
1769932800000,2026-02-01 16:00,2411.86,2410.65,-1.21,-0.0502,99830.5142,969195.698,870.84
1769947200000,2026-02-01 20:00,2315.39,2314.57,-0.82,-0.0354,215369.1339,1954721.617,807.61
1769961600000,2026-02-02 00:00,2320.35,2319.29,-1.06,-0.0457,236454.4214,1486227.652,528.55
1769976000000,2026-02-02 04:00,2270.15,2269.04,-1.11,-0.0489,259299.4235,1790838.005,590.64
1769990400000,2026-02-02 08:00,2239.02,2237.41,-1.61,-0.0719,298359.9131,2352854.552,688.6
1770004800000,2026-02-02 12:00,2228.93,2227.57,-1.36,-0.061,301794.9407,2255613.738,647.4
1770019200000,2026-02-02 16:00,2282.32,2281.21,-1.11,-0.0486,202430.0447,1630482.567,705.45
1770033600000,2026-02-02 20:00,2372.71,2370.88,-1.83,-0.0771,260831.0106,2034796.964,680.12
1770048000000,2026-02-03 00:00,2331.54,2329.75,-1.79,-0.0768,123749.5713,950067.598,667.73
1770062400000,2026-02-03 04:00,2347.02,2345.55,-1.47,-0.0626,61369.731,552729.165,800.65
1770076800000,2026-02-03 08:00,2344.03,2343.1,-0.93,-0.0397,92480.3296,972005.217,951.04
1770091200000,2026-02-03 12:00,2323.12,2322.0,-1.12,-0.0482,142937.5961,824892.202,477.1
1770105600000,2026-02-03 16:00,2276.68,2275.63,-1.05,-0.0461,125794.6591,1188299.957,844.63
1770120000000,2026-02-03 20:00,2303.2,2302.16,-1.04,-0.0452,165687.0223,1521890.933,818.53
1770134400000,2026-02-04 00:00,2205.28,2204.33,-0.95,-0.0431,499560.1202,4077074.319,716.13
1770148800000,2026-02-04 04:00,2233.72,2232.23,-1.49,-0.0667,294639.6594,2264045.849,668.41
1770163200000,2026-02-04 08:00,2283.37,2282.23,-1.14,-0.0499,94160.573,833789.571,785.5
1770177600000,2026-02-04 12:00,2283.85,2282.93,-0.92,-0.0403,78151.7651,620914.239,694.5
1770192000000,2026-02-04 16:00,2254.86,2253.73,-1.13,-0.0501,132402.8161,902361.756,581.53
1770206400000,2026-02-04 20:00,2151.83,2150.44,-1.39,-0.0646,322528.0764,2746228.366,751.47
1770220800000,2026-02-05 00:00,2188.27,2187.77,-0.5,-0.0228,475231.0228,4179835.855,779.54
1770235200000,2026-02-05 04:00,2148.26,2147.01,-1.25,-0.0582,162269.1766,1302334.829,702.58
1770249600000,2026-02-05 08:00,2110.0,2109.11,-0.89,-0.0422,173253.3499,1408142.112,712.76
1770264000000,2026-02-05 12:00,2091.4,2090.57,-0.83,-0.0397,232556.1529,2232591.622,860.02
1770278400000,2026-02-05 16:00,2079.98,2078.74,-1.24,-0.0596,171883.2094,1647624.674,858.57
1770292800000,2026-02-05 20:00,1961.12,1959.21,-1.91,-0.0974,487545.3296,4534175.206,830.0
1770307200000,2026-02-06 00:00,1928.76,1927.24,-1.52,-0.0788,377522.1496,2896946.059,667.36
1770321600000,2026-02-06 04:00,1826.83,1824.95,-1.88,-0.1029,509526.5037,3935981.068,672.48
1770336000000,2026-02-06 08:00,1891.82,1891.17,-0.65,-0.0344,467955.4557,3804839.789,713.08
1770350400000,2026-02-06 12:00,1899.42,1898.21,-1.21,-0.0637,267768.456,1624296.492,506.6
1770364800000,2026-02-06 16:00,1932.68,1931.76,-0.92,-0.0476,372603.6313,1640251.691,340.21
1770379200000,2026-02-06 20:00,1980.81,1979.49,-1.32,-0.0666,347876.9294,2192905.7,530.37
1770393600000,2026-02-07 00:00,2065.63,2065.15,-0.48,-0.0232,408242.2928,2616612.8,540.95
1770408000000,2026-02-07 04:00,2063.38,2062.54,-0.84,-0.0407,237864.7921,1113235.456,368.01
1770422400000,2026-02-07 08:00,2080.81,2079.62,-1.19,-0.0572,123773.1219,758514.815,512.83
1770436800000,2026-02-07 12:00,2027.1,2026.09,-1.01,-0.0498,180822.7462,1758484.059,872.49
1770451200000,2026-02-07 16:00,2018.77,2017.52,-1.25,-0.0619,90171.0894,733133.711,713.05
1770465600000,2026-02-07 20:00,2052.54,2051.49,-1.05,-0.0512,171743.7573,1371041.154,698.31
1770480000000,2026-02-08 00:00,2091.29,2090.11,-1.18,-0.0564,500380.4324,4183846.497,736.13
1770494400000,2026-02-08 04:00,2087.08,2085.93,-1.15,-0.0551,75725.3015,437416.265,477.64
1770508800000,2026-02-08 08:00,2078.77,2077.86,-0.91,-0.0438,55846.2385,421678.326,655.07
1770523200000,2026-02-08 12:00,2084.41,2083.48,-0.93,-0.0446,81901.8886,427919.391,422.48
1770537600000,2026-02-08 16:00,2132.35,2130.98,-1.37,-0.0642,92748.6006,1103495.49,1089.77
1770552000000,2026-02-08 20:00,2108.64,2107.31,-1.33,-0.0631,92209.4994,1012889.015,998.46
1770566400000,2026-02-09 00:00,2126.77,2125.76,-1.01,-0.0475,60836.7024,722103.433,1086.95
1770580800000,2026-02-09 04:00,2089.74,2088.6,-1.14,-0.0546,99294.322,867093.624,773.26
1770595200000,2026-02-09 08:00,2100.25,2099.01,-1.24,-0.059,90227.1224,865704.995,859.47
1770609600000,2026-02-09 12:00,2065.74,2064.42,-1.32,-0.0639,63962.1613,502383.793,685.44
1770624000000,2026-02-09 16:00,2028.23,2027.43,-0.8,-0.0394,110228.8629,1128847.314,924.09
1770638400000,2026-02-09 20:00,2061.61,2060.27,-1.34,-0.065,123193.2243,1417907.891,1050.96
1770652800000,2026-02-10 00:00,2131.34,2130.56,-0.78,-0.0366,142688.2535,1407421.872,886.36
1770667200000,2026-02-10 04:00,2105.02,2103.96,-1.06,-0.0504,95078.9325,790123.516,731.02
1770681600000,2026-02-10 08:00,2064.96,2063.7,-1.26,-0.061,63762.6252,797206.445,1150.27
1770696000000,2026-02-10 12:00,2007.47,2006.05,-1.42,-0.0707,195613.5569,1450177.016,641.35
1770710400000,2026-02-10 16:00,2003.21,2001.87,-1.34,-0.0669,114586.795,854865.316,646.04
1770724800000,2026-02-10 20:00,2022.66,2021.32,-1.34,-0.0662,106821.103,1397168.295,1207.95
1770739200000,2026-02-11 00:00,2017.95,2016.82,-1.13,-0.056,63309.8136,874683.315,1281.59
1770753600000,2026-02-11 04:00,2022.67,2021.51,-1.16,-0.0573,30227.7971,345439.339,1042.79
1770768000000,2026-02-11 08:00,2009.59,2008.41,-1.18,-0.0587,33194.1097,473216.263,1325.6
1770782400000,2026-02-11 12:00,1950.89,1949.56,-1.33,-0.0682,100528.6786,1445212.376,1337.61
1770796800000,2026-02-11 16:00,1953.66,1952.33,-1.33,-0.0681,49832.9522,711117.542,1327.0
1770811200000,2026-02-11 20:00,1929.46,1928.05,-1.41,-0.0731,190798.5893,2406242.823,1161.14
1770825600000,2026-02-12 00:00,1952.28,1951.26,-1.02,-0.0522,103334.7985,1299726.407,1157.78
1770840000000,2026-02-12 04:00,1941.18,1940.07,-1.11,-0.0572,51966.6894,666201.196,1181.98
1770854400000,2026-02-12 08:00,1968.69,1967.75,-0.94,-0.0477,42186.6103,470702.468,1015.76
1770868800000,2026-02-12 12:00,1968.07,1966.97,-1.1,-0.0559,52494.6941,535174.869,919.48
1770883200000,2026-02-12 16:00,1989.02,1987.88,-1.14,-0.0573,56917.0883,781031.398,1272.23
1770897600000,2026-02-12 20:00,1948.47,1947.47,-1.0,-0.0513,80328.0854,1130783.176,1307.71
1770912000000,2026-02-13 00:00,1925.44,1924.36,-1.08,-0.0561,150050.4511,1842938.433,1128.21
1770926400000,2026-02-13 04:00,1947.85,1947.15,-0.7,-0.0359,45590.2177,488821.807,972.21
1770940800000,2026-02-13 08:00,1953.55,1952.49,-1.06,-0.0543,37154.7957,470157.883,1165.4
1770955200000,2026-02-13 12:00,1935.75,1934.88,-0.87,-0.0449,43614.141,524371.154,1102.3
1770969600000,2026-02-13 16:00,1960.04,1959.25,-0.79,-0.0403,62366.42,623579.493,899.86
1770984000000,2026-02-13 20:00,2034.93,2033.71,-1.22,-0.06,155146.5792,1815593.104,1070.24
1770998400000,2026-02-14 00:00,2057.75,2056.82,-0.93,-0.0452,90215.9732,982055.493,988.56
1771012800000,2026-02-14 04:00,2048.72,2047.6,-1.12,-0.0547,37151.8607,341167.813,818.31
1771027200000,2026-02-14 08:00,2054.37,2053.39,-0.98,-0.0477,20999.1891,200953.713,856.96
1771041600000,2026-02-14 12:00,2057.21,2056.1,-1.11,-0.054,20369.1955,190576.708,835.61
1771056000000,2026-02-14 16:00,2099.58,2098.22,-1.36,-0.0648,58856.9562,785363.19,1234.36
1771070400000,2026-02-14 20:00,2087.43,2086.38,-1.05,-0.0503,55179.6359,704562.146,1176.85
1771084800000,2026-02-15 00:00,2088.52,2087.31,-1.21,-0.0579,38770.8925,384786.232,892.46
1771099200000,2026-02-15 04:00,2086.59,2085.43,-1.16,-0.0556,26501.3663,285567.829,977.56
1771113600000,2026-02-15 08:00,2058.94,2058.09,-0.85,-0.0413,241490.3874,839010.065,247.43
1771128000000,2026-02-15 12:00,2091.41,2090.58,-0.83,-0.0397,80534.6926,667010.966,728.23
1771142400000,2026-02-15 16:00,2061.96,2060.97,-0.99,-0.048,52092.5746,550548.823,956.87
1771156800000,2026-02-15 20:00,2011.29,2010.25,-1.04,-0.0517,115706.5194,1304022.166,1027.01
1771171200000,2026-02-16 00:00,1942.23,1941.17,-1.06,-0.0546,289683.7113,1320124.509,355.71
1771185600000,2026-02-16 04:00,1966.58,1965.47,-1.11,-0.0564,55270.2099,582372.153,953.68
1771200000000,2026-02-16 08:00,1958.78,1957.72,-1.06,-0.0541,47402.3615,497517.4,949.56
1771214400000,2026-02-16 12:00,1971.13,1970.12,-1.01,-0.0512,38495.4814,398345.081,934.78
1771228800000,2026-02-16 16:00,1976.15,1975.15,-1.0,-0.0506,51619.9007,633566.923,1127.37
1771243200000,2026-02-16 20:00,1956.65,1955.63,-1.02,-0.0521,110856.7205,1670293.349,1406.71
1771257600000,2026-02-17 00:00,1974.04,1973.37,-0.67,-0.0339,57117.5097,593967.786,939.9
1771272000000,2026-02-17 04:00,1998.33,1997.35,-0.98,-0.049,45855.9695,428793.102,835.09
1771286400000,2026-02-17 08:00,1985.7,1984.89,-0.81,-0.0408,39980.2922,453396.188,1034.05
1771300800000,2026-02-17 12:00,1985.91,1984.85,-1.06,-0.0534,44990.1813,428529.835,852.5
1771315200000,2026-02-17 16:00,1968.47,1967.58,-0.89,-0.0452,47256.3661,416783.864,781.96
1771329600000,2026-02-17 20:00,1968.58,1967.63,-0.95,-0.0483,117605.2683,1427331.851,1113.66
1771344000000,2026-02-18 00:00,1998.14,1997.3,-0.84,-0.042,117627.2187,1383976.848,1076.58
1771358400000,2026-02-18 04:00,1991.66,1990.68,-0.98,-0.0492,38787.6161,305245.076,686.97
1771372800000,2026-02-18 08:00,1997.07,1995.85,-1.22,-0.0611,48694.6631,418428.459,759.29
1771387200000,2026-02-18 12:00,2018.07,2017.19,-0.88,-0.0436,37645.5204,463830.601,1132.1
1771401600000,2026-02-18 16:00,1981.43,1980.19,-1.24,-0.0626,60451.9639,917334.76,1417.46
1771416000000,2026-02-18 20:00,1985.48,1984.56,-0.92,-0.0463,108443.0065,1412387.045,1202.42
1771430400000,2026-02-19 00:00,1941.03,1939.82,-1.21,-0.0623,95520.9971,1322868.117,1284.9
1771444800000,2026-02-19 04:00,1955.91,1954.77,-1.14,-0.0583,42882.8576,412344.496,861.56
1771459200000,2026-02-19 08:00,1972.33,1971.19,-1.14,-0.0578,26076.3731,344313.744,1220.41
1771473600000,2026-02-19 12:00,1981.76,1980.82,-0.94,-0.0474,34121.8946,401087.352,1075.45
1771488000000,2026-02-19 16:00,1949.58,1948.7,-0.88,-0.0451,43208.626,572180.725,1224.23
1771502400000,2026-02-19 20:00,1926.3,1925.2,-1.1,-0.0571,102895.4861,1623716.105,1478.02
1771516800000,2026-02-20 00:00,1941.34,1940.14,-1.2,-0.0618,63444.2011,922036.802,1353.3
1771531200000,2026-02-20 04:00,1949.08,1948.15,-0.93,-0.0477,30510.4924,305988.475,902.9
1771545600000,2026-02-20 08:00,1954.85,1954.06,-0.79,-0.0404,28686.3728,372003.467,1196.8
1771560000000,2026-02-20 12:00,1960.97,1959.65,-1.32,-0.0673,55966.1225,722249.811,1190.51
1771574400000,2026-02-20 16:00,1943.98,1942.76,-1.22,-0.0628,58746.4014,582309.333,891.23
1771588800000,2026-02-20 20:00,1963.95,1963.05,-0.9,-0.0458,121943.2751,1529310.05,1154.12
1771603200000,2026-02-21 00:00,1963.69,1962.88,-0.81,-0.0412,94955.2126,1156054.873,1117.47
1771617600000,2026-02-21 04:00,1968.88,1967.85,-1.03,-0.0523,25956.1713,252769.819,873.83
1771632000000,2026-02-21 08:00,1959.03,1958.29,-0.74,-0.0378,16581.1973,195446.154,1078.72
1771646400000,2026-02-21 12:00,1962.71,1962.0,-0.71,-0.0362,14321.5832,139261.061,872.39
1771660800000,2026-02-21 16:00,1977.02,1976.25,-0.77,-0.0389,40811.7456,480800.053,1078.09
1771675200000,2026-02-21 20:00,1988.13,1987.04,-1.09,-0.0548,48823.033,498494.571,921.02
1771689600000,2026-02-22 00:00,1988.35,1987.48,-0.87,-0.0438,33339.759,341773.043,925.12
1771704000000,2026-02-22 04:00,1973.35,1972.54,-0.81,-0.041,25296.5275,296539.396,1072.25
1771718400000,2026-02-22 08:00,1974.71,1973.76,-0.95,-0.0481,20908.1331,289539.225,1284.82
1771732800000,2026-02-22 12:00,1975.88,1975.01,-0.87,-0.044,16211.4013,144049.483,788.57
1771747200000,2026-02-22 16:00,1980.78,1979.84,-0.94,-0.0475,17778.8113,197552.989,1011.17
1771761600000,2026-02-22 20:00,1953.98,1952.81,-1.17,-0.0599,50424.8978,892872.592,1670.7
1771776000000,2026-02-23 00:00,1943.74,1942.81,-0.93,-0.0478,29014.4909,376166.728,1196.48
1771790400000,2026-02-23 04:00,1957.82,1957.01,-0.81,-0.0414,20987.9138,281364.095,1240.6
1771804800000,2026-02-23 08:00,1862.87,1860.94,-1.93,-0.1036,167470.8913,1970983.162,1076.91
1771819200000,2026-02-23 12:00,1885.5,1884.13,-1.37,-0.0727,66206.0759,642382.309,870.28
1771833600000,2026-02-23 16:00,1915.3,1914.41,-0.89,-0.0465,69463.5612,975901.002,1304.91
1771848000000,2026-02-23 20:00,1895.65,1894.72,-0.93,-0.0491,88300.1008,1241797.396,1306.34
1771862400000,2026-02-24 00:00,1857.19,1856.15,-1.04,-0.056,118579.9054,1331189.13,1022.61
1771876800000,2026-02-24 04:00,1856.3,1855.47,-0.83,-0.0447,37338.9523,434570.285,1063.85
1771891200000,2026-02-24 08:00,1832.03,1830.94,-1.09,-0.0595,79888.0694,1181431.179,1378.86
1771905600000,2026-02-24 12:00,1825.7,1824.63,-1.07,-0.0586,73536.267,847651.917,1052.7
1771920000000,2026-02-24 16:00,1826.75,1825.74,-1.01,-0.0553,63530.8244,539634.383,749.41
1771934400000,2026-02-24 20:00,1847.59,1846.37,-1.22,-0.066,111212.7497,1624730.572,1360.92
1771948800000,2026-02-25 00:00,1852.46,1851.56,-0.9,-0.0486,74379.3442,950543.639,1177.97
1771963200000,2026-02-25 04:00,1851.94,1851.09,-0.85,-0.0459,35516.7737,307873.495,766.84
1771977600000,2026-02-25 08:00,1906.14,1905.37,-0.77,-0.0404,105259.2872,1482719.102,1308.63
1771992000000,2026-02-25 12:00,1893.31,1892.35,-0.96,-0.0507,54762.9592,783355.298,1330.45
1772006400000,2026-02-25 16:00,1926.48,1925.28,-1.2,-0.0623,49526.3486,675208.004,1263.33
1772020800000,2026-02-25 20:00,2013.73,2012.86,-0.87,-0.0432,159045.4848,2213958.559,1292.03
1772035200000,2026-02-26 00:00,2071.1,2070.32,-0.78,-0.0377,145026.7604,1748491.161,1105.63
1772049600000,2026-02-26 04:00,2057.48,2056.5,-0.98,-0.0476,169358.5976,1604674.188,847.5
1772064000000,2026-02-26 08:00,2054.55,2053.15,-1.4,-0.0681,59037.3129,649030.665,999.36
1772078400000,2026-02-26 12:00,2053.37,2052.48,-0.89,-0.0433,61288.611,615673.329,904.55
1772092800000,2026-02-26 16:00,2057.66,2056.51,-1.15,-0.0559,57504.2592,660311.571,1048.28
1772107200000,2026-02-26 20:00,2033.34,2032.33,-1.01,-0.0497,111408.8267,1428516.201,1182.23
1772121600000,2026-02-27 00:00,2030.14,2029.0,-1.14,-0.0562,119622.7569,1595749.576,1233.98
1772136000000,2026-02-27 04:00,2027.68,2026.71,-0.97,-0.0478,30921.5899,368624.5,1092.13
1772150400000,2026-02-27 08:00,2045.39,2044.48,-0.91,-0.0445,54459.6079,658703.297,1109.53
1772164800000,2026-02-27 12:00,2032.69,2031.54,-1.15,-0.0566,63087.8823,672408.793,965.83
1772179200000,2026-02-27 16:00,1962.08,1960.79,-1.29,-0.0657,92541.2853,1304918.647,1310.09
1772193600000,2026-02-27 20:00,1948.59,1947.39,-1.2,-0.0616,105123.5497,1338894.611,1173.64
1772208000000,2026-02-28 00:00,1921.1,1920.02,-1.08,-0.0562,64022.9582,1119096.818,1647.96
1772222400000,2026-02-28 04:00,1929.84,1928.5,-1.34,-0.0694,49451.9506,671256.074,1257.39
1772236800000,2026-02-28 08:00,1924.49,1923.33,-1.16,-0.0603,21099.5553,302531.18,1333.83
1772251200000,2026-02-28 12:00,1866.73,1865.36,-1.37,-0.0734,135260.6076,1816676.462,1243.09
1772265600000,2026-02-28 16:00,1863.31,1862.27,-1.04,-0.0558,66347.784,927573.913,1298.05
1772280000000,2026-02-28 20:00,1898.88,1897.78,-1.1,-0.0579,91811.9835,1401422.745,1426.41
1772294400000,2026-03-01 00:00,1947.02,1945.78,-1.24,-0.0637,73171.577,1084450.295,1382.06
1772308800000,2026-03-01 04:00,1964.51,1963.48,-1.03,-0.0524,73989.4761,881332.903,1091.16
1772323200000,2026-03-01 08:00,2023.29,2022.29,-1.0,-0.0494,128780.5667,1578905.677,1126.04
1772337600000,2026-03-01 12:00,2007.24,2006.27,-0.97,-0.0483,69926.2021,845620.562,1109.3
1772352000000,2026-03-01 16:00,1983.32,1982.3,-1.02,-0.0514,51208.5737,709326.387,1285.17
1772366400000,2026-03-01 20:00,1993.38,1992.31,-1.07,-0.0537,80414.5735,1090905.78,1256.6
1772380800000,2026-03-02 00:00,1953.9,1952.97,-0.93,-0.0476,99987.1454,1310393.681,1210.56
1772395200000,2026-03-02 04:00,1939.71,1938.57,-1.14,-0.0588,98879.785,1278132.709,1192.61
1772409600000,2026-03-02 08:00,1972.3,1971.36,-0.94,-0.0477,69056.6329,818897.586,1085.83
1772424000000,2026-03-02 12:00,1941.66,1940.25,-1.41,-0.0726,58667.3787,673715.063,1048.36
1772438400000,2026-03-02 16:00,1941.05,1950.75,9.7,0.4997,51.1871,527522.305,1030476.66
