open_time,open,high,low,close,volume,close_time,quote_volume,trades,taker_buy_base,taker_buy_quote
1770364800000,64811.2,65168.9,64438.9,64850.1,13883.424,1770368399999,899602715.8032,468614,6244.083,404674739.287
1770368400000,64850.2,66119.2,64716.6,65757.9,15267.607,1770371999999,1000706593.9588,438639,7629.366,499894056.6083
1770372000000,65757.9,66198.7,65500.0,65929.4,11219.667,1770375599999,739268065.4015,311162,4837.085,318760610.5682
1770375600000,65929.5,66773.4,65732.1,66586.1,13740.05,1770379199999,909885135.1946,315820,8439.07,559076017.9116
1770379200000,66586.1,66588.0,66072.0,66522.6,9918.345,1770382799999,657820261.4448,305876,5031.695,333759360.6481
1770382800000,66522.7,67661.8,66440.8,67274.9,24032.659,1770386399999,1611746392.125,682728,13430.564,900900323.2869
1770386400000,67274.9,68588.0,66539.3,68149.1,39719.043,1770389999999,2689301088.7766,1143992,19898.351,1347792671.8776
1770390000000,68149.1,69157.9,67715.0,68577.5,32017.004,1770393599999,2188046233.4307,1075854,16748.365,1144895472.4834
1770393600000,68577.5,70188.8,68348.0,69896.0,35363.519,1770397199999,2458941258.7673,977385,18827.57,1309169749.5454
1770397200000,69896.0,71451.6,69536.0,70707.3,33804.794,1770400799999,2388529300.5343,994033,18987.777,1341751538.6664
1770400800000,70707.3,70772.1,69301.8,69728.7,26679.981,1770404399999,1865912250.1399,841749,12163.199,850712720.0447
1770404400000,69728.7,70927.8,69608.0,70675.5,12127.002,1770407999999,851795612.3992,484407,6546.826,460075725.2843
1770408000000,70675.5,70954.7,69925.3,69939.0,13222.419,1770411599999,931074931.1471,517525,6468.504,455568823.633
1770411600000,69939.0,70454.8,69764.7,70308.7,6390.025,1770415199999,448085297.8276,292404,3365.183,236019441.8587
1770415200000,70308.7,71550.0,70227.7,71321.1,12899.943,1770418799999,915352320.2025,383401,7829.705,555447699.4767
1770418800000,71321.2,71714.4,70469.1,70544.5,11829.011,1770422399999,839471846.2719,373169,5304.165,376619856.9587
1770422400000,70544.5,70569.4,69674.5,69917.1,14132.531,1770425999999,990138273.7562,483512,6744.375,472494384.8543
1770426000000,69917.2,70665.1,69695.9,70431.1,7386.123,1770429599999,518385565.4642,269981,4112.331,288767250.95
1770429600000,70431.0,70589.1,70101.1,70319.0,4176.687,1770433199999,293831818.9698,189778,2021.685,142259124.7276
1770433200000,70319.1,70899.5,70237.4,70887.1,6160.414,1770436799999,435315899.9617,237227,3052.567,215715286.5423
1770436800000,70887.2,71690.0,70564.0,70728.7,12773.123,1770440399999,908274590.9794,414484,6736.658,479190525.3923
1770440400000,70728.6,71150.0,69906.4,70124.6,11941.722,1770443999999,841324355.1944,355123,4779.414,336798422.4333
1770444000000,70124.6,70274.5,68700.0,68733.6,19458.749,1770447599999,1353523440.7789,497458,6470.967,450541245.9174
1770447600000,68733.6,69050.0,67250.0,68050.5,44529.556,1770451199999,3031064447.6708,1197819,22115.547,1504866439.8772
1770451200000,68050.5,68797.8,67710.8,68458.5,16734.464,1770454799999,1143682992.5533,497300,9921.722,678326478.6058
1770454800000,68458.6,68732.0,67855.0,68107.4,9297.469,1770458399999,634563675.7394,334843,4593.569,313588581.5108
1770458400000,68107.3,68288.0,67550.2,67954.8,7765.738,1770461999999,527136692.7552,283249,3636.363,246909987.2548
1770462000000,67954.8,68132.1,67639.2,67935.1,6036.474,1770465599999,409799476.9345,221203,3421.471,232268481.4938
1770465600000,67935.0,70000.0,67870.2,68988.7,30337.618,1770469199999,2097129780.0655,835443,16140.069,1116046542.3682
1770469200000,68988.7,69333.0,68771.8,69062.8,7345.268,1770472799999,507042335.2914,293364,3855.957,266249961.4998
1770472800000,69062.9,69154.9,68290.0,68615.9,8372.204,1770476399999,575343593.8734,335124,3629.991,249558690.3578
1770476400000,68615.8,69776.9,68519.9,69122.1,13671.289,1770479999999,946294856.9617,470798,7384.175,511108748.8637
1770480000000,69122.1,69887.7,68801.0,68924.3,18840.729,1770483599999,1306707168.4291,644043,9367.733,649868003.6233
1770483600000,68924.4,69399.2,68478.1,69154.3,7519.676,1770487199999,518449427.1469,300834,3649.534,251813006.8464
1770487200000,69154.2,69672.6,68966.9,69475.0,4883.362,1770490799999,338658919.1432,234964,2629.609,182384676.2141
1770490800000,69475.0,69555.2,69222.3,69341.4,2843.488,1770494399999,197267778.2057,144635,1514.659,105078629.5705
1770494400000,69341.3,69688.2,69216.6,69596.5,2410.976,1770497999999,167498903.3429,121978,1262.237,87701138.132
1770498000000,69596.5,69669.7,69312.0,69466.3,2010.778,1770501599999,139705787.5957,115466,983.367,68326123.1648
1770501600000,69466.2,69673.6,69273.5,69368.2,1928.806,1770505199999,133971711.9547,91024,989.086,68703185.1842
1770505200000,69368.2,69436.8,68734.6,69254.2,6106.407,1770508799999,421747839.2298,214595,2772.454,191517676.2957
1770508800000,69254.3,69399.4,68843.7,69100.2,4054.301,1770512399999,280084118.2042,172965,2039.205,140888207.0907
1770512400000,69100.3,69478.2,69057.4,69341.5,3303.609,1770515999999,228832151.5706,152800,1748.168,121087987.4984
1770516000000,69341.4,69666.0,69111.0,69335.7,4375.413,1770519599999,303561924.0366,163474,2183.739,151536687.9098
1770519600000,69335.7,69418.2,69026.5,69064.7,3178.329,1770523199999,220053600.6459,124190,1506.713,104324915.4548
1770523200000,69064.7,69348.8,68928.0,69303.4,2424.538,1770526799999,167687775.2426,114746,1245.601,86159093.6582
1770526800000,69303.4,69397.1,69112.2,69190.7,2627.932,1770530399999,181959917.338,94504,1453.32,100644110.3691
1770530400000,69190.8,69391.1,69055.0,69321.8,2808.127,1770533999999,194511477.6051,127294,1454.393,100738183.282
1770534000000,69321.7,69693.0,69175.9,69665.0,4242.838,1770537599999,294679770.6502,150058,2413.501,167636715.03
1770537600000,69665.1,70790.0,69467.9,70624.5,16299.522,1770541199999,1144049398.8596,468142,9583.577,672748088.8282
1770541200000,70624.4,70671.5,70058.0,70066.8,6897.388,1770544799999,484903834.7012,262833,3215.904,226115613.6415
1770544800000,70066.9,70422.2,69839.1,70231.1,10093.15,1770548399999,707651713.8252,277003,4996.471,350330139.2172
1770548400000,70231.1,71199.9,70182.1,70954.0,10531.788,1770551999999,745472175.9156,339261,5743.155,406557999.903
1770552000000,70954.0,71281.3,70653.0,71203.4,7465.325,1770555599999,529518614.0132,259961,4254.763,301910347.6133
1770555600000,71203.4,71479.7,70921.6,71472.6,7550.342,1770559199999,537968724.7771,270723,3730.214,265802050.3339
1770559200000,71472.5,71524.9,71047.1,71218.3,5452.751,1770562799999,388533158.6267,221512,2620.007,186725700.5233
1770562800000,71218.3,71433.2,70730.2,71152.6,7786.826,1770566399999,553446461.0334,321702,3779.864,268714019.0591
1770566400000,71152.5,71225.5,70220.1,70388.7,9205.941,1770569999999,650619733.7452,331130,4109.977,290479540.6574
1770570000000,70388.6,70840.9,70374.8,70754.5,5510.516,1770573599999,389362585.3363,238590,2825.583,199651514.3392
1770573600000,70754.4,71376.3,70710.4,71103.1,5755.059,1770577199999,409010618.256,238908,3145.873,223574061.0214
1770577200000,71103.0,71480.0,71100.5,71381.0,2974.356,1770580799999,212046110.8051,145452,1470.592,104853609.0739
1770580800000,71381.0,71381.3,70657.7,70801.5,4304.587,1770584399999,305533129.5701,174061,2006.598,142436233.0209
1770584400000,70801.5,71103.8,70500.0,70665.4,3400.505,1770587999999,240718703.2368,152510,1649.154,116781785.4421
1770588000000,70665.5,71076.4,70607.4,71036.2,2602.596,1770591599999,184361697.518,121498,1406.184,99625776.637
1770591600000,71036.2,72300.0,69913.3,70288.1,29907.848,1770595199999,2122927632.7445,835420,15498.632,1101187775.8515
1770595200000,70288.2,70738.5,70065.8,70454.1,7449.806,1770598799999,524627262.9815,365328,4165.18,293345635.6699
1770598800000,70453.8,70892.8,70013.3,70328.0,7691.265,1770602399999,541683901.1271,371637,3804.337,267942906.8268
1770602400000,70327.9,70979.8,70175.1,70593.0,5502.864,1770605999999,388398199.8989,273573,2852.519,201328857.7873
1770606000000,70593.1,71434.9,70571.4,71269.9,7431.204,1770609599999,527908135.3106,287084,4269.991,303343989.1253
1770609600000,71269.8,71320.0,70875.0,70967.0,4094.329,1770613199999,291014586.709,184310,2100.673,149323758.8903
1770613200000,70966.9,71079.0,70766.8,71014.2,3491.471,1770616799999,247605288.5822,151971,2007.987,142416609.5629
1770616800000,71014.1,71014.2,70251.1,70622.4,6532.962,1770620399999,460879715.4166,226003,3406.811,240328156.0923
1770620400000,70622.4,70868.1,70317.8,70393.5,5044.225,1770623999999,355887422.0521,184963,2577.245,181832814.9009
1770624000000,70393.5,70583.3,69358.6,69832.2,13254.842,1770627599999,926354470.9602,410681,5837.848,408009555.3168
1770627600000,69832.1,70081.9,69429.5,69588.0,7835.646,1770631199999,546326521.5897,263797,3699.745,258028124.8166
1770631200000,69587.9,69698.9,68373.9,68694.0,19882.71,1770634799999,1370202646.3707,547073,8907.306,613736071.0446
1770634800000,68694.1,68997.6,68550.0,68899.9,8037.784,1770638399999,553059879.3121,276814,4162.061,286420505.7368
1770638400000,68900.0,69220.0,68822.2,69109.7,8382.834,1770641999999,578883547.0485,244782,4758.509,328626073.7023
1770642000000,69109.7,69275.7,68548.3,68556.9,8131.572,1770645599999,560862857.0227,263398,3553.742,245223429.2702
1770645600000,68557.0,69740.4,68271.7,69232.4,23586.094,1770649199999,1625710701.5969,829755,12305.929,848489409.1584
1770649200000,69232.5,69843.7,68767.6,69528.9,16427.319,1770652799999,1139011692.5547,599670,8240.598,571447527.2523
1770652800000,69528.9,70389.5,69050.0,70049.1,14912.022,1770656399999,1040468615.4874,537512,8206.112,572700864.4811
1770656400000,70049.1,71008.0,69824.4,70570.6,15731.566,1770659999999,1107333568.5119,483372,8244.012,580583890.6773
1770660000000,70570.6,70978.6,70045.9,70379.9,9082.287,1770663599999,639446628.6136,392512,4516.894,318011582.3043
1770663600000,70379.9,71041.0,70213.1,70912.7,7258.748,1770667199999,513343450.9474,289237,3320.424,234774841.7343
1770667200000,70912.6,71085.0,70450.0,70683.9,7956.699,1770670799999,562701607.8063,295713,3529.314,249602547.027
1770670800000,70683.9,70758.0,69776.1,70362.4,8040.421,1770674399999,564131659.1586,247939,3864.502,271179673.7517
1770674400000,70362.4,70687.9,70236.3,70334.2,3671.125,1770677999999,258582009.6607,141997,1741.172,122642637.4952
1770678000000,70334.2,70542.9,70042.1,70110.5,3013.033,1770681599999,211808602.0959,131426,1426.014,100247988.1325
1770681600000,70110.6,70226.3,69705.8,69793.3,5042.715,1770685199999,352687306.308,174097,2373.729,166031125.3099
1770685200000,69793.3,70499.9,69793.3,70454.7,5037.602,1770688799999,353799223.3523,197353,2763.329,194052360.299
1770688800000,70454.7,70454.7,69952.8,70068.4,3527.539,1770692399999,247593514.2048,145457,1715.627,120423650.307
1770692400000,70068.5,70137.4,69155.8,69473.3,8925.251,1770695999999,620653373.3977,288743,3887.683,270315187.6994
1770696000000,69473.2,69886.1,69432.9,69800.5,5095.792,1770699599999,355189607.424,162751,2887.097,201249346.4673
1770699600000,69800.5,69832.1,69169.1,69415.3,5921.583,1770703199999,411377966.9034,203173,2680.256,186220238.9213
1770703200000,69415.4,69469.8,68633.3,68872.4,9749.316,1770706799999,672869491.6278,309713,3953.578,272949244.0593
1770706800000,68872.4,69173.4,68800.1,68882.1,6144.663,1770710399999,423908454.667,194931,3024.851,208691478.6953
1770710400000,68882.2,69195.2,68686.9,69091.9,6812.081,1770713999999,469700194.2733,201465,3537.944,243991721.0636
1770714000000,69091.8,69376.3,68913.9,69115.0,6222.059,1770717599999,430466257.7522,180262,3504.678,242513389.6462
1770717600000,69115.0,69232.7,68876.5,68884.8,3084.9,1770721199999,212988659.7759,112343,1500.161,103591138.2607
1770721200000,68884.8,69048.9,68406.4,68489.9,8671.396,1770724799999,595508642.8284,214801,3742.448,257066810.9846
1770724800000,68489.9,68819.1,68370.3,68564.8,6344.953,1770728399999,435331996.7533,200346,3206.5,220018844.3013
1770728400000,68564.7,69099.6,68318.0,68981.9,8027.556,1770731999999,551926908.9381,264390,4113.186,282841255.6982
1770732000000,68981.8,69554.7,67883.0,68426.3,27724.225,1770735599999,1901977472.2636,751581,13768.267,944924930.894
1770735600000,68426.3,69485.0,68258.7,69251.5,19063.302,1770739199999,1315030098.2601,679188,9526.797,657167339.1315
1770739200000,69251.4,69778.0,68889.7,69473.5,10899.266,1770742799999,756088315.3047,422775,5633.532,390847148.7861
1770742800000,69473.5,69957.9,69267.8,69886.6,8006.235,1770746399999,557895230.9232,300406,4002.121,278955210.8388
1770746400000,69886.5,69910.1,68555.6,68860.0,10012.65,1770749999999,691940189.6429,381260,4786.744,330734979.1765
1770750000000,68860.0,69278.2,68658.9,69031.4,5821.034,1770753599999,401445745.3405,261036,3112.213,214649199.7405
1770753600000,69031.3,69116.9,68585.6,68719.2,4464.833,1770757199999,307208022.6574,203261,2176.428,149769640.9793
1770757200000,68719.2,68980.0,68322.1,68623.3,4547.422,1770760799999,311951587.3172,174679,2194.171,150539935.7402
1770760800000,68623.3,68833.5,68526.6,68662.7,2536.382,1770764399999,174143320.0956,102825,1313.033,90150651.8649
1770764400000,68662.7,68830.8,68468.9,68805.3,2189.854,1770767999999,150348509.1246,108745,1105.147,75881261.3347
1770768000000,68805.3,69218.3,68750.0,69156.8,3950.544,1770771599999,272572292.1285,152558,2175.896,150144063.3569
1770771600000,69156.9,69262.7,68868.8,68947.5,2672.496,1770775199999,184481498.509,124995,1279.474,88332072.3705
1770775200000,68947.5,69132.7,68563.8,68641.3,3918.734,1770778799999,269713582.4831,155687,1681.228,115701820.7105
1770778800000,68641.3,68718.0,67951.8,68143.6,8603.423,1770782399999,587563415.4812,273279,3781.706,258272877.2794
1770782400000,68143.6,68288.0,67320.0,67548.8,13524.481,1770785999999,915307616.294,419865,5952.596,402877750.6759
1770786000000,67548.8,67781.4,67357.0,67367.8,5558.451,1770789599999,375508239.0137,208633,2695.263,182110492.765
1770789600000,67367.8,67463.4,66511.0,66788.0,15850.0,1770793199999,1061057394.5628,450524,7206.705,482417186.0153
1770793200000,66786.3,67225.0,66600.1,67000.0,8187.628,1770796799999,548025776.3753,261285,4438.837,297120704.0711
1770796800000,67000.0,67094.4,66755.2,66950.3,5194.714,1770800399999,347639777.6125,203461,2690.74,180081189.1497
1770800400000,66950.3,67085.5,66682.1,66848.6,4120.254,1770803999999,275454452.7019,156785,2048.898,136988592.1745
1770804000000,66848.6,66864.8,66342.6,66506.0,8850.049,1770807599999,589291803.1196,270097,3896.234,259469168.1697
1770807600000,66506.1,67087.4,66477.9,67023.0,7071.645,1770811199999,472880814.9464,230540,3853.178,257662001.0736
1770811200000,67022.9,67400.0,66922.5,67099.2,9017.22,1770814799999,605612922.629,238950,5060.693,339904280.052
1770814800000,67099.2,67638.4,66757.9,67424.2,16779.184,1770818399999,1127223673.4294,490363,8849.975,594645253.941
1770818400000,67424.1,68821.1,66400.0,66559.9,39554.805,1770821999999,2677194904.5171,1095076,20388.731,1380269954.9231
1770822000000,66559.8,66788.7,65718.5,66489.3,29237.621,1770825599999,1937023688.6002,947675,14247.239,944078324.4376
1770825600000,66489.4,67250.0,65910.0,66008.0,16888.019,1770829199999,1123544440.8147,585251,8704.219,579137564.9863
1770829200000,66008.0,66895.0,65834.5,66489.1,11145.115,1770832799999,740716640.897,441524,5261.542,349599248.7938
1770832800000,66489.1,67274.6,66114.5,67239.2,8778.468,1770836399999,586406148.6817,365902,4491.908,300074670.3365
1770836400000,67239.2,67831.4,67069.4,67547.7,10690.909,1770839999999,721773830.6509,384886,5225.417,352787091.1855
1770840000000,67547.6,67720.0,67138.4,67523.2,5348.964,1770843599999,360628853.7816,243475,2568.982,173228917.6587
1770843600000,67523.3,68315.0,67371.5,67780.6,10323.114,1770847199999,701640740.7566,289795,5664.444,384991468.969
1770847200000,67780.6,67844.1,67352.6,67392.0,4026.619,1770850799999,272136637.3296,152543,1988.129,134371972.9681
1770850800000,67392.1,67528.7,66757.4,67054.4,7333.067,1770854399999,491764358.6951,218399,3111.649,208726532.8168
1770854400000,67054.8,67685.0,67016.6,67431.6,6121.49,1770857999999,412347658.0648,196854,3297.782,222058440.7071
1770858000000,67431.7,68021.0,67430.5,67668.4,6103.855,1770861599999,413328332.1968,216407,3074.922,208214431.0687
1770861600000,67668.3,67769.1,67370.7,67408.3,4180.768,1770865199999,282479041.2221,175287,1976.467,133550751.0163
1770865200000,67408.3,67564.1,67267.1,67550.2,2723.961,1770868799999,183634938.4428,122361,1239.024,83536339.5204
1770868800000,67550.3,67659.6,66962.8,66989.9,6024.71,1770872399999,405506439.8691,177209,2438.213,164009153.5876
1770872400000,66989.8,67178.2,66640.0,67110.1,5661.38,1770875999999,378815342.3938,201449,2929.782,196046861.0318
1770876000000,67110.1,67329.0,66976.8,67096.1,3145.66,1770879599999,211320836.4683,134757,1687.646,113389056.1399
1770879600000,67096.1,67296.8,66902.6,67181.5,3137.466,1770883199999,210516411.6877,111976,1529.262,102617201.5924
1770883200000,67181.5,67313.9,66860.0,67107.3,3535.509,1770886799999,237079964.3396,132811,1859.942,124732856.9312
1770886800000,67107.4,67699.9,67012.5,67517.7,5312.339,1770890399999,357833023.6252,167538,2825.032,190313990.005
1770890400000,67517.7,67998.8,67372.1,67979.5,5671.9,1770893999999,383866594.8293,184995,2957.525,200200814.7761
1770894000000,67979.4,68265.5,67650.1,68031.8,9190.079,1770897599999,624810928.6745,243491,4256.139,289464535.1914
1770897600000,68031.8,68125.8,67684.8,67832.4,6241.212,1770901199999,423701193.7595,170375,3031.072,205787089.1901
1770901200000,67832.4,68375.9,67643.3,68339.9,8579.923,1770904799999,583136407.1295,248903,4460.118,303155551.7062
1770904800000,68340.0,68385.0,67448.4,67547.5,12764.267,1770908399999,866081833.2961,439861,6002.987,407361943.6917
1770908400000,67547.8,67970.9,66958.0,67107.0,17537.156,1770911999999,1182205547.3423,591331,8859.667,597213143.4785
1770912000000,67107.0,67221.9,65503.2,65825.7,32467.878,1770915599999,2151885816.6641,902742,14880.525,986639514.4651
1770915600000,65825.7,66238.8,65320.4,65383.9,16841.36,1770919199999,1108283471.847,517356,8001.033,526715904.9557
1770919200000,65383.8,65763.0,65081.0,65559.4,12697.179,1770922799999,830825218.647,448266,6119.674,400527498.5349
1770922800000,65559.4,66090.8,65234.0,65760.7,8965.275,1770926399999,589468938.3144,305802,4762.824,313201072.8624
1770926400000,65760.7,66008.7,65177.8,65401.0,7181.946,1770929999999,470687292.023,287573,3527.116,231204541.0846
1770930000000,65401.0,65873.3,65400.1,65821.8,3994.025,1770933599999,262219231.9073,165009,2072.47,136079595.7449
1770933600000,65821.7,66382.0,65610.0,66262.4,6146.564,1770937199999,405911098.3096,152406,3223.577,212843808.6528
1770937200000,66262.4,66460.8,66131.1,66243.1,5767.357,1770940799999,382345279.2365,186073,2610.987,173101445.2569
1770940800000,66243.2,66498.4,65833.9,65881.4,5842.004,1770944399999,386268941.5382,194183,2917.53,192914637.6507
1770944400000,65881.5,66595.2,65881.5,66423.4,4784.428,1770947999999,317235086.5903,183363,2471.147,163843928.2796
1770948000000,66423.4,66732.8,66345.1,66627.9,3555.029,1770951599999,236556059.215,144679,1728.566,115024959.8673
1770951600000,66628.0,66778.5,66423.1,66519.6,3869.004,1770955199999,257568809.3321,142787,1832.05,121961126.8355
1770955200000,66519.6,66650.2,66273.4,66299.9,3143.937,1770958799999,208825198.237,118600,1457.06,96786923.4534
1770958800000,66300.0,66477.1,66151.5,66151.5,3317.222,1770962399999,219971566.7486,118784,1523.867,101066308.8921
1770962400000,66151.5,66367.5,65964.2,66333.7,3966.275,1770965999999,262263533.7219,139043,1905.091,125979358.7803
1770966000000,66333.7,66545.7,66012.2,66183.3,5353.404,1770969599999,354925122.5969,160378,2980.835,197627279.966
1770969600000,66183.3,66723.0,66159.9,66673.0,5100.09,1770973199999,338900737.0102,168642,2634.026,175049634.5515
1770973200000,66673.0,67046.2,66574.9,66924.3,6938.023,1770976799999,463520550.7965,190400,3621.437,241956998.852
1770976800000,66924.4,67095.1,66766.1,66939.4,5500.592,1770980399999,368059350.446,161083,2594.255,173608382.1307
1770980400000,66939.5,67196.8,66750.0,67137.8,5321.733,1770983999999,356370975.5698,163575,2811.189,188309161.4816
1770984000000,67137.8,67180.1,66887.0,67050.0,3807.097,1770987599999,255213908.9572,132600,1871.209,125448071.9065
1770987600000,67050.1,67600.0,66903.0,67238.2,12858.003,1770991199999,865288609.9399,346647,6509.625,438124601.6834
1770991200000,67238.1,67999.9,66823.6,67709.5,20175.242,1770994799999,1361059707.3151,583423,9759.882,658567167.2426
1770994800000,67709.6,69289.5,67653.0,68652.0,34623.808,1770998399999,2373783869.7043,881335,19246.926,1319725014.5083
1770998400000,68652.1,69473.7,68500.0,68920.8,17731.884,1771001999999,1223876365.937,484155,9019.689,622799986.5498
1771002000000,68920.9,69215.7,68593.8,69003.9,8251.271,1771005599999,568830467.9203,287464,3948.753,272301906.8616
1771005600000,69004.0,69378.8,68853.9,69086.7,7384.669,1771009199999,510264255.3167,255582,3452.546,238574024.8786
1771009200000,69086.8,69197.0,68865.2,68904.2,4796.435,1771012799999,331087847.7349,169833,2208.661,152478040.0403
1771012800000,68904.3,68936.1,68639.7,68750.1,5954.506,1771016399999,409599688.7684,190954,3043.404,209346119.6046
1771016400000,68750.1,69055.9,68700.1,68869.2,4475.315,1771019999999,308268816.418,106870,2354.226,162170118.6884
1771020000000,68869.2,68975.9,68674.6,68968.9,3534.643,1771023599999,243347107.3051,100239,1612.238,111010580.1213
1771023600000,68968.9,68985.4,68784.1,68821.5,2758.675,1771027199999,190015818.161,81805,1330.74,91661750.5258
1771027200000,68821.5,69118.1,68736.2,69062.2,3401.089,1771030799999,234423125.9517,100138,1830.1,126154525.9236
1771030800000,69062.2,69082.8,68888.1,68932.0,2790.614,1771034399999,192524602.6464,80286,1509.257,104123969.4981
1771034400000,68932.0,68981.1,68817.2,68849.2,2150.014,1771037999999,148122792.8248,63382,1080.594,74444018.4229
1771038000000,68849.3,68994.1,68818.0,68947.7,1300.98,1771041599999,89623612.884,46414,763.99,52630667.2879
1771041600000,68947.7,68967.3,68755.6,68763.6,1524.606,1771045199999,104955703.4434,52738,633.077,43582659.1823
1771045200000,68763.5,68878.3,68712.8,68738.1,1721.191,1771048799999,118406697.8752,55023,785.113,54016334.4405
1771048800000,68738.2,68897.6,68689.1,68895.3,1668.924,1771052399999,114828113.1576,50342,925.768,63702719.1603
1771052400000,68895.4,69318.2,68848.1,69182.2,4212.664,1771055999999,291076914.5879,94338,2625.274,181408522.5396
1771056000000,69182.1,69847.1,69174.5,69707.3,9014.765,1771059599999,627120263.1666,234680,5319.876,370073943.6614
1771059600000,69707.3,69868.6,69532.3,69675.6,3644.123,1771063199999,253976635.573,116253,1791.505,124874643.7466
1771063200000,69675.6,69675.6,69542.3,69633.8,1814.741,1771066799999,126301039.551,58263,843.326,58693766.6657
1771066800000,69633.8,70557.7,69633.7,70464.8,12955.143,1771070399999,908979114.5039,300036,7890.666,553638235.7143
1771070400000,70464.8,70499.4,69525.6,69602.2,13120.622,1771073999999,918430679.2858,284118,4743.204,332182424.2616
1771074000000,69602.2,69734.0,69163.7,69430.1,12223.314,1771077599999,848857132.6235,304645,5062.429,351568889.0965
1771077600000,69430.0,69825.0,69295.0,69667.3,6006.689,1771081199999,417856086.6703,172463,3153.443,219410909.9456
1771081200000,69667.3,70010.6,69528.3,69754.2,5019.742,1771084799999,350294745.8843,160483,2636.492,183999625.252
1771084800000,69754.2,69787.3,69259.1,69731.3,7558.442,1771088399999,525574959.0646,219021,4181.703,290826456.3165
1771088400000,69731.2,69903.3,69581.9,69710.9,3909.046,1771091999999,272629128.4632,143484,2186.965,152528138.0599
1771092000000,69710.9,69832.0,69641.6,69741.0,2188.209,1771095599999,152608757.0328,75467,1087.615,75851319.9081
1771095600000,69741.1,69897.1,69573.8,69849.0,2297.747,1771099199999,160348489.6314,86696,1290.607,90077643.3586
1771099200000,69848.9,69999.0,69682.0,69987.4,3403.725,1771102799999,237831057.3754,86753,2126.698,148607803.058
1771102800000,69987.5,70230.6,69600.0,69896.4,6008.469,1771106399999,420180024.2694,139281,3150.356,220374441.4609
1771106400000,69896.4,70065.0,69737.0,69927.3,2899.885,1771109999999,202695844.4015,80320,1514.508,105854686.1934
1771110000000,69927.3,69984.6,69678.1,69795.4,3699.502,1771113599999,258288673.2864,96877,1998.887,139571901.1592
1771113600000,69795.4,69827.3,69562.0,69743.4,3238.879,1771117199999,225685486.4385,99953,1787.648,124570717.6253
1771117200000,69743.4,69872.1,69316.0,69684.9,4637.493,1771120799999,322542190.2432,142192,1956.13,136080387.2818
1771120800000,69684.9,69726.9,69325.9,69450.6,2795.265,1771124399999,194249730.9963,111556,1266.775,88033627.9248
1771124400000,69450.6,69967.4,69212.2,69926.0,7900.26,1771127999999,550100517.1244,192287,5154.439,359016627.3441
1771128000000,69925.9,70499.8,69925.9,70157.0,11091.112,1771131599999,778568543.6062,252022,6016.287,422438190.6814
1771131600000,70156.9,70467.8,70101.5,70235.9,3563.703,1771135199999,250507387.0785,111557,2074.067,145793966.0267
1771135200000,70235.9,70514.8,70150.0,70370.2,3469.854,1771138799999,244083548.9479,107945,1920.521,135109746.8186
1771138800000,70370.2,70907.7,70275.5,70784.0,8122.703,1771142399999,574204763.5365,232631,4249.016,300381864.5219
1771142400000,70784.0,70938.5,70114.8,70405.1,9186.136,1771145999999,647375873.8202,237184,4246.929,299284967.6513
1771146000000,70405.1,70628.0,70330.7,70382.5,3031.758,1771149599999,213691471.1306,110121,1423.158,100318863.7051
1771149600000,70382.5,70487.8,70166.9,70389.5,3119.24,1771153199999,219392227.734,112505,1609.59,113214307.9593
1771153200000,70389.6,70514.6,70237.1,70268.7,2979.669,1771156799999,209569808.0768,72764,1105.342,77749515.9113
1771156800000,70268.6,70391.0,69266.1,69284.9,13184.43,1771160399999,921056866.4549,269575,5977.544,417689880.6828
1771160400000,69285.0,69593.2,68741.4,68907.2,17152.7,1771163999999,1186048272.6498,367005,8520.665,589282618.7556
1771164000000,68907.2,69180.0,68811.5,69140.0,6859.823,1771167599999,473534440.4453,196531,3442.059,237627137.2685
1771167600000,69139.9,69230.0,68845.0,69068.1,4590.096,1771171199999,316893908.8691,143629,2333.393,161133641.5682
1771171200000,69068.1,69074.0,68753.0,68977.6,4280.153,1771174799999,295040821.6933,133408,1960.739,135164610.2245
1771174800000,68977.6,69050.4,68152.0,68607.8,10221.126,1771178399999,700769314.482,241643,4540.178,311313431.4085
1771178400000,68607.8,68770.9,68313.6,68420.0,7148.019,1771181999999,489882246.3858,228678,3634.753,249103986.4974
1771182000000,68420.0,68542.6,68029.6,68263.6,8934.921,1771185599999,610042139.8493,253887,3956.868,270162208.9729
1771185600000,68263.7,68535.4,68100.2,68420.1,2740.043,1771189199999,187321234.6159,108887,1578.27,107905544.0241
1771189200000,68420.1,68934.0,68420.1,68809.0,4572.847,1771192799999,314313318.6373,124887,2795.098,192116773.6048
1771192800000,68809.0,69049.2,68756.3,68962.2,2987.689,1771196399999,205915424.3464,93548,1483.059,102222338.4698
1771196400000,68962.2,68962.2,68291.1,68796.9,5442.211,1771199999999,373190590.7476,186675,2388.107,163754455.8402
1771200000000,68796.9,69033.6,68656.9,68810.4,3489.707,1771203599999,240252811.9496,133513,1740.435,119830666.1143
1771203600000,68810.4,69010.0,68409.3,68590.8,3231.459,1771207199999,221926653.8258,126695,1430.428,98233671.1754
1771207200000,68590.8,68697.9,68210.8,68295.1,3433.838,1771210799999,234874750.7743,130207,1578.805,107998265.1954
1771210800000,68295.2,68439.9,68112.2,68392.6,3282.435,1771214399999,224120170.497,106658,1721.543,117547985.0503
1771214400000,68392.6,68869.8,68385.0,68832.4,3560.902,1771217999999,244492515.1797,104878,1998.094,137177727.0504
1771218000000,68832.4,68860.7,68255.0,68350.1,3036.166,1771221599999,207820128.774,95476,1454.964,99559148.7874
1771221600000,68350.1,68496.9,68183.3,68414.8,2336.176,1771225199999,159704405.2878,69105,1188.205,81242129.7414
1771225200000,68414.8,68637.1,68330.4,68552.4,3390.245,1771228799999,232255688.5094,92778,1848.007,126595254.7108
1771228800000,68552.5,68769.5,68503.2,68724.5,2757.79,1771232399999,189354799.8416,85008,1460.628,100300746.0805
1771232400000,68724.5,69029.9,68707.0,68961.1,4388.67,1771235999999,302359802.2893,124580,2379.918,163978366.9369
1771236000000,68961.0,68961.0,68656.9,68762.0,2408.932,1771239599999,165749645.0655,89349,1068.683,73528498.8772
1771239600000,68762.0,68899.3,68300.0,68769.4,6290.391,1771243199999,431448138.2099,165167,3250.771,222959750.7882
1771243200000,68769.4,69826.0,68769.0,69739.3,15011.463,1771246799999,1041617307.6655,353721,8329.794,578028878.224
1771246800000,69739.3,70110.9,68180.0,68355.6,25343.395,1771250399999,1748419789.0926,603042,12041.06,830974278.9792
1771250400000,68355.5,68684.4,68208.6,68386.7,8923.954,1771253999999,610597499.8924,315755,4451.244,304601217.4188
1771254000000,68386.6,68578.4,67250.0,67505.5,20303.632,1771257599999,1374658905.4004,506224,8774.559,593952536.1116
1771257600000,67505.5,67950.0,67475.0,67854.0,7786.366,1771261199999,527248437.0986,252642,4339.249,293836337.9108
1771261200000,67854.1,68048.3,67557.2,67917.2,4993.367,1771264799999,338796300.9207,167840,2499.831,169607164.6299
1771264800000,67917.2,68221.7,67800.0,67833.0,5756.956,1771268399999,391634071.3584,138067,2439.86,166021041.1455
1771268400000,67833.0,68108.9,67785.4,67883.6,2130.03,1771271999999,144731185.4844,85785,1144.717,77788663.8644
1771272000000,67883.5,68544.0,67788.6,68508.9,5435.593,1771275599999,370714553.6009,139985,2999.037,204615742.3431
1771275600000,68508.9,68928.6,68400.0,68835.1,4982.79,1771279199999,341680876.1094,157312,2704.902,185540550.1574
1771279200000,68835.2,68870.7,68471.0,68561.1,3838.864,1771282799999,263643435.4156,122553,1752.255,120348903.0101
1771282800000,68561.1,68962.1,68508.0,68862.5,3466.627,1771286399999,238250363.1594,114740,2015.764,138544465.7088
1771286400000,68862.6,69033.0,68667.1,68849.9,3837.321,1771289999999,264255231.3151,143511,2123.181,146234491.8239
1771290000000,68849.9,68972.3,68537.0,68582.6,3318.034,1771293599999,228209834.5195,124390,1367.567,94084896.8975
1771293600000,68582.7,69228.6,68350.0,68806.3,5999.397,1771297199999,413148496.3514,210458,3028.123,208564415.3681
1771297200000,68806.3,68832.7,68435.7,68443.6,3323.125,1771300799999,228016574.0284,123669,1428.005,97978801.4059
1771300800000,68443.6,68681.8,68251.0,68450.1,3559.07,1771304399999,243633150.9227,108905,1660.074,113652849.5645
1771304400000,68450.0,68485.1,67854.2,68207.3,6793.287,1771307999999,462572960.0478,175836,3102.528,211248106.7844
1771308000000,68207.2,68496.4,68191.9,68370.8,2312.074,1771311599999,158046113.5674,84833,1165.639,79681851.9547
1771311600000,68370.7,68451.8,68133.1,68353.4,2771.063,1771315199999,189290136.2886,91680,1428.478,97580392.0101
1771315200000,68353.4,68445.8,68093.0,68140.0,2540.194,1771318799999,173351253.85,93937,1226.707,83721641.0523
1771318800000,68139.9,68277.0,67951.6,68087.1,3457.198,1771322399999,235297376.0579,107661,1796.432,122270401.1027
1771322400000,68087.0,68164.6,67655.0,67822.1,5253.726,1771325999999,356504271.5731,149950,2403.283,163104024.64
1771326000000,67822.1,67905.8,67656.5,67824.4,3948.353,1771329599999,267733960.7718,115380,1898.121,128708956.8351
1771329600000,67824.3,68272.5,67795.0,67893.2,6084.282,1771333199999,414051689.1708,156287,3177.524,216229526.9625
1771333200000,67893.3,68350.0,67700.3,68105.3,7085.474,1771336799999,482116793.4979,216881,3788.844,257841831.5385
1771336800000,68105.3,68319.5,66676.1,66846.7,21218.988,1771340399999,1427762163.5553,581802,9468.382,637119856.2367
1771340400000,66846.8,67381.5,66588.0,67363.6,16794.164,1771343999999,1124937544.7668,517069,8500.744,569519829.2126
1771344000000,67363.6,68127.9,67286.4,67493.1,15426.984,1771347599999,1044879964.6855,458425,7552.118,511589867.932
1771347600000,67493.1,67697.2,66824.5,67208.6,10398.168,1771351199999,698825961.6583,346611,4877.744,327902098.9556
1771351200000,67208.5,68209.0,67088.7,68063.3,9173.279,1771354799999,621636125.418,285894,5012.052,339698717.0449
1771354800000,68063.3,68220.1,67703.5,67766.9,5922.669,1771358399999,402422864.9498,220674,2597.175,176476142.3087
1771358400000,67766.9,67896.1,67426.4,67719.3,4106.759,1771361999999,277851071.446,176962,1917.895,129765915.6566
1771362000000,67718.0,67897.6,67500.0,67642.4,2203.405,1771365599999,149094487.8201,96809,1059.239,71671062.5149
1771365600000,67642.4,67755.0,67473.2,67498.2,1511.448,1771369199999,102166712.2527,57134,753.457,50935329.9749
1771369200000,67498.1,67592.8,67355.7,67475.9,2146.66,1771372799999,144809044.7322,90893,1155.362,77941354.7387
1771372800000,67475.9,67595.5,67241.7,67263.9,2525.282,1771376399999,170233833.3407,97168,1277.384,86117445.6942
1771376400000,67267.0,67346.5,66850.1,67137.2,5545.605,1771379999999,371955997.8732,157157,2489.82,166983506.3487
1771380000000,67137.2,67398.2,67115.2,67297.9,2734.463,1771383599999,183955273.8033,97565,1490.734,100284442.7907
1771383600000,67298.0,67683.4,67294.7,67590.2,3054.107,1771387199999,206232887.9813,97540,1600.204,108074876.2427
1771387200000,67590.3,67872.8,67456.6,67790.9,3496.315,1771390799999,236514484.7657,96989,1856.952,125635279.5492
1771390800000,67790.9,67909.9,67572.0,67613.4,3560.92,1771394399999,241181205.226,94365,1814.578,122908840.0125
1771394400000,67613.3,67948.0,67577.0,67813.5,2411.858,1771397999999,163539783.1863,77563,1281.958,86924180.3814
1771398000000,67813.6,68190.2,67655.9,68078.4,4282.272,1771401599999,291116803.3562,118092,2481.948,168743699.195
1771401600000,68078.5,68438.0,68033.0,68099.9,7161.381,1771405199999,488459599.2634,168870,3785.151,258187253.4496
1771405200000,68099.9,68249.2,67966.0,68128.4,3514.59,1771408799999,239468489.2374,87834,1650.776,112479964.4412
1771408800000,68128.4,68153.7,67704.0,67771.2,4581.366,1771412399999,311100372.0853,119381,1952.709,132584466.7598
1771412400000,67771.2,67781.4,67037.2,67345.4,12045.744,1771415999999,811224330.5491,258304,6134.44,413036220.0681
1771416000000,67345.4,67658.0,67312.0,67429.8,4101.002,1771419599999,276783871.3602,142353,1941.409,131026709.8968
1771419600000,67429.9,67566.4,67007.0,67202.2,5965.911,1771423199999,401434128.9156,162975,2656.403,178761827.0436
1771423200000,67202.3,67329.9,66666.2,67190.5,12931.349,1771426799999,867037869.1297,403872,6332.157,424690850.6854
1771426800000,67190.4,68336.0,67159.5,67671.0,20144.567,1771430399999,1365314580.6462,460595,10623.185,719914955.7243
1771430400000,67671.1,67684.6,66933.0,67104.8,13995.137,1771433999999,940388106.6637,347609,6928.215,465513874.4312
1771434000000,67104.8,67455.7,67021.8,67156.3,5566.242,1771437599999,373853247.5421,185470,2817.604,189246156.4563
1771437600000,67156.6,67203.7,66129.6,66327.2,15106.978,1771441199999,1006205539.3828,353663,6274.536,417964560.0886
1771441200000,66327.2,66588.0,65826.1,66138.2,13685.695,1771444799999,905726246.6968,373677,6671.851,441712861.5597
1771444800000,66138.3,66528.8,66098.9,66230.2,7627.587,1771448399999,505574834.6581,219394,3844.231,254791282.438
1771448400000,66230.3,66466.8,65993.1,66300.6,5568.422,1771451999999,368876551.2267,139174,2828.173,187424893.713
1771452000000,66300.5,66451.5,66192.7,66379.0,1860.076,1771455599999,123369600.2856,66788,1016.969,67455799.9605
1771455600000,66379.0,66472.6,66240.0,66422.8,2506.522,1771459199999,166354622.3801,88536,1232.498,81798960.8532
1771459200000,66422.8,66573.6,66301.8,66410.7,2414.967,1771462799999,160436522.6469,88614,1296.459,86131374.8213
1771462800000,66410.8,66842.6,66407.9,66830.3,4017.947,1771466399999,267904253.5129,127034,2342.664,156193229.745
1771466400000,66830.4,66933.0,66610.5,66800.7,3376.35,1771469999999,225462998.7441,113915,1680.141,112204588.1549
1771470000000,66800.8,66975.0,66690.1,66950.4,2140.167,1771473599999,143093630.2247,77853,1065.368,71233678.3006
1771473600000,66950.4,67042.3,66721.7,66776.4,3540.004,1771477199999,236748152.4438,98272,1652.106,110499223.7263
1771477200000,66776.5,66867.7,66651.8,66847.6,2124.787,1771480799999,141811516.0373,84390,1051.672,70200425.2475
1771480800000,66847.6,67275.4,66836.5,67123.8,4125.633,1771484399999,276754584.7043,126730,2259.961,151600698.5769
1771484400000,67123.8,67299.4,67001.6,67180.4,3197.407,1771487999999,214713426.9534,98294,1698.652,114069330.3689
1771488000000,67180.4,67180.4,66769.0,66937.7,4992.942,1771491599999,334209089.5389,137957,2359.177,157903843.1551
1771491600000,66937.7,67173.8,66724.6,66811.8,4295.724,1771495199999,287573301.7646,126078,1928.719,129136908.1054
1771495200000,66811.7,66942.5,66711.6,66810.1,2682.196,1771498799999,179243746.901,103363,1290.815,86262145.7928
1771498800000,66810.0,66907.4,66431.1,66468.9,5663.747,1771502399999,377342981.2595,122776,2187.757,145788715.0935
1771502400000,66468.8,66655.5,66272.4,66489.6,6977.581,1771505999999,463938712.0532,162500,3116.262,207233380.3513
1771506000000,66489.5,66529.4,65716.7,65871.2,15683.408,1771509599999,1036490930.5093,355835,6670.139,440829348.6942
1771509600000,65871.2,66635.5,65595.7,66381.9,17468.809,1771513199999,1154655122.8521,480373,8888.139,587600130.3185
1771513200000,66382.0,66723.0,65931.2,66362.7,13215.867,1771516799999,875922616.2396,405471,6522.672,432332821.0326
1771516800000,66362.6,66494.7,65863.8,66267.6,8870.021,1771520399999,587468887.9973,284773,4548.241,301244037.7883
1771520400000,66267.6,67035.0,66140.9,66336.1,12509.252,1771523999999,833351103.7846,334489,6463.341,430505354.9716
1771524000000,66336.0,67067.3,66215.1,67003.2,11054.245,1771527599999,737897634.1784,285507,6133.117,409276288.3814
1771527600000,67003.2,67174.0,66667.0,67022.9,6888.18,1771531199999,461045057.1595,218622,3651.001,244364421.8665
1771531200000,67022.8,67147.8,66784.3,67118.7,4095.459,1771534799999,274389712.9145,148886,2222.149,148910068.414
1771534800000,67118.6,67144.0,66867.5,66893.2,2482.746,1771538399999,166360650.3018,83109,1187.842,79603235.5413
1771538400000,66893.1,66975.9,66618.2,66873.9,3481.079,1771541999999,232467677.865,99965,1687.651,112709037.652
1771542000000,66873.9,66997.9,66784.1,66974.0,2134.083,1771545599999,142782037.5995,78795,1163.135,77820756.3107
1771545600000,66973.9,67490.0,66912.4,67190.1,7309.963,1771549199999,491511049.91,176876,4063.512,273238754.2775
1771549200000,67190.2,67326.0,67115.2,67249.2,3013.908,1771552799999,202622295.6945,99068,1363.378,91667474.6619
1771552800000,67249.3,67318.9,67137.5,67208.1,2188.245,1771556399999,147135466.3683,68891,1182.186,79495549.9147
1771556400000,67208.0,67466.8,67206.6,67327.2,3650.977,1771559999999,245864429.9704,89951,1871.209,126004061.7983
1771560000000,67327.2,67359.3,67079.3,67228.4,4206.018,1771563599999,282780125.4337,96056,1783.503,119914761.0167
1771563600000,67228.5,67999.9,67166.1,67756.0,10525.63,1771567199999,712252509.5885,201170,5853.139,396018409.1411
1771567200000,67756.1,67865.2,67612.9,67809.4,4648.2,1771570799999,314959375.6667,116287,2305.795,156269158.9026
1771570800000,67809.5,67956.3,67704.5,67794.7,3751.544,1771574399999,254504902.6912,90708,1947.862,132161739.0265
1771574400000,67794.8,67920.0,67716.6,67839.9,2681.315,1771577999999,181816853.4975,76564,1281.324,86888168.1217
1771578000000,67839.8,68199.4,67839.8,68174.1,7335.101,1771581599999,499536293.7456,176823,4029.81,274422103.565
1771581600000,68174.2,68283.7,67733.8,67909.7,7861.981,1771585199999,535101389.9125,171899,3178.531,216453390.5041
1771585200000,67909.8,67945.1,67250.0,67290.5,9755.627,1771588799999,659792783.4077,193490,4401.712,297723284.7131
1771588800000,67290.4,67577.1,67222.7,67498.9,7385.525,1771592399999,497736920.3358,150818,3641.55,245428294.1613
1771592400000,67498.9,67503.3,66408.1,66784.8,27320.453,1771595999999,1826042614.2218,488503,13319.03,889824056.1705
1771596000000,66784.8,67299.9,66629.9,67043.2,15720.31,1771599599999,1052708640.9652,400387,7847.453,525492058.0039
1771599600000,67043.2,68099.9,66500.8,67547.6,38584.584,1771603199999,2597048659.8135,821049,19443.661,1308889081.1547
1771603200000,67547.6,67888.0,67253.0,67763.2,13764.663,1771606799999,930476988.0862,370671,6900.671,466456418.8699
1771606800000,67763.2,67763.2,66915.0,67582.0,23395.274,1771610399999,1573621446.3608,468187,12648.239,850600614.4674
1771610400000,67581.9,67998.9,67437.6,67901.1,11853.491,1771613999999,802544817.087,330058,6299.269,426561005.4046
1771614000000,67901.0,67983.0,67506.8,67616.5,4978.617,1771617599999,336994759.3932,171312,2250.996,152382362.8221
1771617600000,67616.5,67800.0,67486.6,67719.7,3337.43,1771621199999,225817961.4416,108292,1631.703,110406823.9689
1771621200000,67719.4,67816.4,67600.0,67792.3,3179.969,1771624799999,215362069.795,82200,1938.527,131284589.537
1771624800000,67792.3,68115.9,67603.2,68049.8,4592.295,1771628399999,311881114.9668,113279,2602.671,176761849.1194
1771628400000,68049.8,68220.0,67880.0,67979.3,4262.851,1771631999999,289997750.9934,101612,2028.691,138046269.9294
1771632000000,67979.3,68023.7,67745.3,67805.2,3433.568,1771635599999,233117910.4696,77148,1699.241,115383729.1879
1771635600000,67805.1,67981.7,67805.1,67916.1,1705.546,1771639199999,115790610.4595,50161,926.731,62918493.2413
1771639200000,67916.2,68079.0,67875.3,67970.3,1973.738,1771642799999,134196282.9741,50594,1068.874,72677476.109
1771642800000,67970.3,67970.5,67488.9,67637.0,6371.533,1771646399999,431199997.5216,122831,2335.224,158016621.3286
1771646400000,67636.9,67823.1,67555.2,67782.2,2706.041,1771649999999,183099115.8442,59297,1363.79,92298407.0186
1771650000000,67782.3,67859.2,67757.1,67827.1,1563.808,1771653599999,106048738.1984,40973,746.639,50635104.4477
1771653600000,67827.2,67899.0,67711.4,67759.5,1514.282,1771657199999,102670193.6236,43754,665.415,45121227.4454
1771657200000,67759.6,67852.5,67712.6,67821.0,1050.925,1771660799999,71254870.8433,29680,562.956,38169891.3
1771660800000,67821.0,68047.5,67776.2,68016.9,2736.752,1771664399999,185925819.8394,55632,1641.246,111510619.5249
1771664400000,68016.9,68280.0,67933.3,68115.8,7484.627,1771667999999,510151610.7164,107331,4101.183,279595214.7065
1771668000000,68115.7,68221.6,68108.6,68184.6,2217.915,1771671599999,151187784.9939,54390,1110.267,75685853.3526
1771671600000,68184.6,68259.4,68045.5,68060.9,3985.621,1771675199999,271645194.5186,75553,1958.262,133477047.1071
1771675200000,68061.0,68186.9,67882.8,68175.9,5452.278,1771678799999,370707527.4083,82941,3233.149,219823907.4863
1771678800000,68175.9,68250.0,68073.0,68223.3,2021.15,1771682399999,137770274.0595,52087,1072.135,73086670.9869
1771682400000,68223.3,68651.4,68146.6,68416.6,10117.936,1771685999999,692570404.7507,175798,5617.999,384538780.2708
1771686000000,68416.6,68687.0,68382.7,68571.5,4347.469,1771689599999,297921282.6356,101093,2584.47,177124775.077
1771689600000,68571.5,68599.3,68066.0,68292.4,8096.719,1771693199999,552949854.2517,170033,3611.298,246585765.1485
1771693200000,68292.3,68444.4,68156.4,68408.8,2897.726,1771696799999,197951023.5975,76709,1731.013,118267955.0372
1771696800000,68408.8,68616.8,68339.5,68547.2,3353.44,1771700399999,229659670.8975,83105,1919.985,131509842.951
1771700400000,68547.3,68632.5,68490.0,68516.3,2162.678,1771703999999,148267070.3058,54077,1162.443,79700348.9258
1771704000000,68516.3,68568.1,68114.4,68180.9,3241.815,1771707599999,221588647.0541,69929,1355.718,92673096.1638
1771707600000,68180.9,68373.6,68152.2,68351.0,2122.309,1771711199999,144904339.1893,54657,1231.641,84100472.5969
1771711200000,68351.1,68412.9,67860.0,67936.6,4302.123,1771714799999,292914887.2415,90379,1976.201,134548536.312
1771714800000,67936.7,68095.4,67900.8,67933.1,2635.494,1771718399999,179182676.7047,68477,1468.808,99871521.9299
1771718400000,67933.2,68035.7,67763.7,67912.0,2995.986,1771721999999,203350072.2657,84501,1402.429,95196524.785
1771722000000,67912.0,68147.6,67902.6,68132.3,2782.492,1771725599999,189321435.3227,64036,1426.104,97039641.8802
1771725600000,68132.3,68198.5,67836.7,67871.5,3333.311,1771729199999,226627751.2421,78251,1534.77,104355003.0274
1771729200000,67871.5,68031.7,67781.2,68010.5,3389.282,1771732799999,230156025.5837,73397,1619.627,109995507.7884
1771732800000,68010.5,68060.0,67931.0,67950.2,1721.132,1771736399999,117032250.8398,40425,590.502,40148711.9973
1771736400000,67950.2,67983.3,67850.4,67944.5,1744.866,1771739999999,118488950.8576,38635,762.019,51744632.6243
1771740000000,67944.5,68204.3,67933.9,68006.4,3623.535,1771743599999,246636206.9485,57211,2063.571,140480662.0494
1771743600000,68006.3,68067.2,67954.6,67973.0,1853.053,1771747199999,126009072.8499,42112,880.732,59889707.6745
1771747200000,67973.0,67986.9,67877.0,67909.3,2839.387,1771750799999,192907791.5268,44247,1304.291,88612551.7479
1771750800000,67909.3,68081.9,67909.3,68022.4,1792.941,1771754399999,121918779.6025,45749,840.36,57154021.2613
1771754400000,68022.4,68134.0,67982.3,68096.6,2034.918,1771757999999,138500801.1634,41525,1110.043,75560390.3038
1771758000000,68096.6,68220.0,68096.6,68183.4,2418.754,1771761599999,164885415.5378,46767,1414.725,96437963.0018
1771761600000,68183.4,68205.1,67836.4,67892.4,4777.343,1771765199999,324688473.0225,98320,2143.815,145712053.3997
1771765200000,67892.4,68011.4,67538.0,67622.4,8419.02,1771768799999,570097209.1601,168526,4194.651,284044027.3591
1771768800000,67622.3,67664.1,67310.6,67420.1,9264.553,1771772399999,625389656.3854,179628,4877.572,329266960.8467
1771772400000,67420.0,67800.0,67275.0,67659.9,8713.428,1771775999999,588796214.5804,162585,4295.854,290243748.0655
1771776000000,67660.0,67712.0,67486.2,67601.6,2777.038,1771779599999,187659751.9567,75418,1324.967,89530703.1698
1771779600000,67601.7,67602.5,67150.0,67365.0,6481.384,1771783199999,436420045.4093,139527,3213.785,216360896.04
1771783200000,67364.9,67444.5,67288.9,67392.3,2383.208,1771786799999,160548639.547,70693,1349.702,90922738.9808
1771786800000,67392.2,67458.5,67372.6,67402.2,1339.505,1771790399999,90307967.6975,39429,695.371,46881924.778
1771790400000,67402.1,67464.3,67324.1,67374.9,1764.705,1771793999999,118919933.2814,52187,1030.199,69422706.5717
1771794000000,67375.0,67617.0,67375.0,67576.2,1649.612,1771797599999,111370942.4048,43427,949.915,64132305.3292
1771797600000,67576.2,67728.0,67450.1,67631.2,2858.429,1771801199999,193191112.7711,75091,1583.59,107028391.4857
1771801200000,67631.2,67707.7,67435.5,67613.5,3385.54,1771804799999,228688792.4359,102019,1940.267,131057810.0059
1771804800000,67613.6,67655.8,66680.1,66705.8,8139.611,1771808399999,546392831.4675,192211,3451.885,231783516.1716
1771808400000,66705.8,66705.8,64232.8,64387.2,58774.078,1771811999999,3836457036.66,1265591,26844.275,1751977822.6196
1771812000000,64387.2,64877.2,64273.8,64742.4,14329.587,1771815599999,926273136.7221,385902,7579.762,490035350.3174
1771815600000,64742.5,65071.7,64658.0,64894.0,7843.597,1771819199999,508699453.5422,201839,4081.27,264699114.3717
1771819200000,64894.1,64989.9,64628.5,64777.3,4946.411,1771822799999,320560418.6849,131423,2236.368,144930102.0184
1771822800000,64777.2,65189.3,64768.8,65031.9,6877.93,1771826399999,447170960.2066,163082,3475.538,225974531.0441
1771826400000,65031.9,65775.0,64990.8,65717.7,11459.287,1771829999999,749680570.0838,227314,5983.528,391537145.2416
1771830000000,65717.7,65980.0,65597.5,65915.8,8197.238,1771833599999,539331752.9398,187619,4245.888,279361139.8764
1771833600000,65915.7,65922.9,65534.6,65639.0,6455.79,1771837199999,424014160.1089,152469,2839.673,186499058.729
1771837200000,65639.0,66432.9,65633.8,66374.8,11681.811,1771840799999,772326008.1399,234873,6542.227,432454926.597
1771840800000,66374.9,66574.5,66182.4,66291.1,7254.377,1771844399999,481395336.6397,167958,3499.054,232230157.9594
1771844400000,66291.2,66462.1,66072.5,66170.8,5334.809,1771847999999,353278704.6981,117303,2325.282,153992565.757
1771848000000,66170.8,66490.0,65860.9,66249.9,10192.338,1771851599999,674562233.5826,204789,5077.938,336133451.6863
1771851600000,66250.0,66397.8,66067.7,66099.9,6492.762,1771855199999,429890692.9984,153934,3863.892,255825721.6605
1771855200000,66099.9,66234.6,65500.0,65895.5,16521.43,1771858799999,1088474386.9966,397972,7777.533,512444346.6878
1771858800000,65895.6,66240.4,65556.6,65633.1,10861.521,1771862399999,715114477.3641,356416,5981.055,393836453.4973
1771862400000,65633.1,65701.2,65155.0,65343.1,13293.019,1771865999999,869635212.8978,371256,6501.116,425267849.7239
1771866000000,65343.0,65431.4,64111.8,64787.3,21891.512,1771869599999,1415460073.534,493672,10746.933,694871318.9143
1771869600000,64787.2,65149.0,64553.3,64602.9,10623.736,1771873199999,688477108.9302,283379,5610.923,363681287.2101
1771873200000,64602.9,64822.9,64050.0,64273.9,11253.569,1771876799999,724437647.7006,293809,5556.685,357730010.7356
1771876800000,64273.9,64460.0,63860.0,64445.9,10007.41,1771880399999,641786636.7758,273777,5008.223,321283364.9496
1771880400000,64445.9,64758.0,64427.5,64554.6,5109.025,1771883999999,329927965.688,135869,2659.905,171767354.4068
1771884000000,64554.6,64989.0,64526.9,64694.3,5115.153,1771887599999,331604017.7978,136207,2556.139,165704445.8221
1771887600000,64694.4,64873.6,64484.2,64625.8,4495.295,1771891199999,290801699.6279,101955,2483.388,160644121.5557
1771891200000,64625.8,64980.0,64625.7,64910.2,4047.921,1771894799999,262461833.7973,115648,2187.326,141808089.8434
1771894800000,64910.2,64910.2,63375.6,64131.0,22474.378,1771898399999,1439809129.7109,533201,10166.328,651320192.8004
1771898400000,64131.0,64480.0,63962.2,64080.3,6227.529,1771901999999,399638758.3958,219609,3030.037,194466681.4413
1771902000000,64080.2,64080.2,63303.9,63570.5,12030.927,1771905599999,765955950.5978,339838,5422.671,345268785.4233
1771905600000,63570.5,63606.3,62818.0,63338.2,18580.85,1771909199999,1173615820.5002,416656,8316.676,525315603.0018
1771909200000,63338.1,63514.4,62655.0,63067.5,12128.199,1771912799999,763864328.0789,317088,5452.553,343479065.2665
1771912800000,63067.5,63290.9,62848.5,63050.4,6001.515,1771916399999,378741166.0552,194495,2942.968,185723661.4243
1771916400000,63050.4,63333.0,62885.4,63155.3,6451.535,1771919999999,407338653.6872,180508,3222.164,203436355.5075
1771920000000,63155.4,63432.4,62965.2,63357.2,5545.127,1771923599999,350705323.0388,152897,2905.591,183761739.5607
1771923600000,63357.2,63384.0,62900.0,63213.3,5799.677,1771927199999,366071145.1996,154410,2687.649,169654936.1628
1771927200000,63213.4,63341.6,63068.6,63250.0,3115.546,1771930799999,196937129.0241,100499,1609.666,101756435.8522
1771930800000,63250.0,63295.9,63027.0,63192.2,3404.0,1771934399999,214986871.7246,107012,1581.01,99856634.7236
1771934400000,63192.1,63319.2,62923.0,62936.0,5583.868,1771937999999,352432381.263,135945,2479.941,156522165.5125
1771938000000,62935.9,63083.7,62401.7,62877.0,16775.853,1771941599999,1053980529.7624,320413,8493.449,533749486.2892
1771941600000,62877.0,63807.5,62727.0,63422.0,19172.078,1771945199999,1212903651.6115,516076,10066.557,637033462.1284
1771945200000,63422.0,63993.1,63270.6,63933.4,14213.937,1771948799999,905471163.8798,428675,7235.225,460945145.7035
1771948800000,63933.4,64388.0,63664.8,64227.3,17533.603,1771952399999,1122708272.0857,425566,9240.245,591763475.2476
1771952400000,64227.4,64491.0,64013.5,64188.8,10364.42,1771955999999,666012424.7339,241783,5022.036,322747795.3532
1771956000000,64188.8,64478.5,63850.0,64395.1,8711.554,1771959599999,559568530.4062,208439,4644.63,298456108.8463
1771959600000,64395.1,64719.1,64214.3,64405.4,7655.551,1771963199999,493262084.3868,200315,4127.023,265946561.4333
1771963200000,64405.4,64566.5,64281.5,64430.8,3535.966,1771966799999,227821843.4473,116543,1661.4,107062251.5075
1771966800000,64430.8,64430.8,63769.2,64009.2,7279.071,1771970399999,466119246.8064,156095,3496.689,223897186.3726
1771970400000,64009.2,64200.0,63943.5,64091.8,2811.42,1771973999999,180197265.7857,74162,1360.287,87203329.709
1771974000000,64091.8,64217.2,63821.5,64031.3,3706.044,1771977599999,237259252.5065,102583,1899.317,121577354.4113
1771977600000,64031.4,64288.0,63876.0,64188.9,3357.423,1771981199999,215159993.078,106784,1765.083,113126145.1946
1771981200000,64189.0,66283.1,64106.0,65860.4,33987.242,1771984799999,2229904157.2068,723085,18507.536,1213299339.6388
1771984800000,65860.4,66279.1,65817.2,65852.0,10049.211,1771988399999,663804050.8326,280351,5264.103,347809379.0525
1771988400000,65852.0,65928.7,65310.5,65361.7,9461.209,1771991999999,620201588.0923,241749,4419.255,289652854.6946
1771992000000,65361.7,65627.5,65053.9,65427.9,7601.452,1771995599999,497145822.2763,186575,4020.944,262983481.2223
1771995600000,65428.0,65488.2,64720.4,64847.9,9492.636,1771999199999,616947979.2144,218819,4436.789,288352629.0629
1771999200000,64847.9,65098.5,64828.8,64862.6,4110.235,1772002799999,267054336.5465,111407,2174.392,141292446.8013
1772002800000,64862.6,65160.4,64735.5,65001.1,5408.19,1772006399999,351496159.5224,131956,2940.14,191148971.0824
1772006400000,65001.2,65550.0,64929.7,65490.9,6516.588,1772009999999,425511603.9424,162181,3791.523,247557611.6479
1772010000000,65491.0,65674.1,65389.4,65524.2,5041.966,1772013599999,330254032.6256,122566,2507.909,164278105.253
1772013600000,65524.2,65640.0,65303.7,65364.4,3393.598,1772017199999,222003672.699,95265,1489.981,97473861.3553
1772017200000,65364.5,65457.3,65161.0,65396.7,4109.429,1772020799999,268335700.2871,104954,1956.875,127790367.4905
1772020800000,65396.6,66222.0,65280.1,66038.7,12344.16,1772024399999,812524152.7446,253403,6758.208,444796192.2191
1772024400000,66038.7,66687.1,65987.3,66209.5,16065.453,1772027999999,1064795862.3996,282233,9705.925,643501152.9232
1772028000000,66209.5,66985.5,66179.2,66936.9,17904.632,1772031599999,1191372456.2057,440044,9508.409,632868266.6511
1772031600000,66936.7,67548.0,66680.0,67362.3,23031.077,1772035199999,1546277178.5697,550371,12351.844,829252539.3062
1772035200000,67362.4,68300.5,67354.2,68249.9,20141.855,1772038799999,1366346790.3798,465856,11077.498,751642350.9391
1772038800000,68249.9,68842.0,67977.7,68625.6,21743.254,1772042399999,1488993815.7935,499591,11339.045,776586726.2278
1772042400000,68625.6,69531.3,68340.0,69293.3,23250.448,1772045999999,1605380714.5554,493470,12679.387,875738984.4908
1772046000000,69293.3,69375.1,68720.8,69005.2,12030.281,1772049599999,829762921.1301,292806,5884.933,405888557.9394
1772049600000,69005.2,69350.0,68567.9,69104.9,11219.91,1772053199999,773461622.7836,255932,5701.123,393080537.388
1772053200000,69104.9,69999.0,68720.0,68874.2,16882.927,1772056799999,1168970041.2012,409373,8707.525,603328036.8744
1772056800000,68874.2,69149.7,68014.8,68402.0,10522.275,1772060399999,721190191.254,259892,5015.196,343751924.8172
1772060400000,68402.0,68665.2,67557.0,67952.5,11573.367,1772063999999,787651652.071,308177,5403.851,367757197.2478
1772064000000,67952.5,68504.3,67690.1,68294.4,9314.348,1772067599999,634969947.0848,313603,4854.411,330908192.4521
1772067600000,68294.3,68666.0,68172.6,68213.9,5815.129,1772071199999,397842259.7393,206847,2952.871,202107375.6113
1772071200000,68213.9,68346.4,67756.8,68219.2,5909.991,1772074799999,401973297.1161,211888,2986.322,203131862.5473
1772074800000,68219.1,68350.0,68003.7,68187.5,3139.778,1772078399999,213987541.3964,128971,1476.775,100664074.2058
1772078400000,68187.4,68850.0,68150.0,68533.1,6339.379,1772081999999,434711934.2091,191067,3425.421,234877336.9117
1772082000000,68533.1,68534.3,68080.0,68408.2,5313.482,1772085599999,362916178.8808,170891,2702.376,184569571.5242
1772085600000,68408.3,68487.8,68025.5,68146.1,3448.274,1772089199999,235262551.3785,129068,1547.328,105571513.4382
1772089200000,68146.1,68269.9,67780.0,67800.0,4904.038,1772092799999,333478716.532,141019,1958.159,133176405.046
1772092800000,67800.0,68218.3,67750.0,67923.3,5660.488,1772096399999,384850319.05,168130,3057.723,207925572.9721
1772096400000,67923.4,68617.3,67900.0,68553.0,7564.554,1772099999999,516873563.1527,179486,4299.814,293728237.1359
1772100000000,68553.0,68689.7,68221.9,68271.9,5677.056,1772103599999,388418636.5,151020,2600.615,177946527.1355
1772103600000,68272.0,68371.3,67952.0,68025.2,4131.917,1772107199999,281556612.0461,120615,1940.62,132246245.3105
1772107200000,68025.2,68270.9,67968.2,68140.9,4562.323,1772110799999,310902320.4422,143981,2418.066,164778532.904
1772110800000,68140.9,68187.0,67810.2,67877.8,5085.134,1772114399999,345874550.5543,157011,2414.077,164222451.773
1772114400000,67877.8,68263.5,67235.8,67659.8,18560.813,1772117999999,1256401135.3032,535621,8549.594,578797129.8801
1772118000000,67659.8,67707.8,66730.7,67353.4,22208.114,1772121599999,1491706554.2312,604765,10217.13,686335096.5339
1772121600000,67353.3,67558.7,66462.0,66617.3,17506.162,1772125199999,1172023353.3593,467561,8582.965,574751352.3874
1772125200000,66617.3,67026.8,66567.9,66795.5,9250.342,1772128799999,617977124.1717,306320,4229.022,282566634.2699
1772128800000,66795.4,67347.4,66536.1,67268.9,10783.8,1772132399999,722943828.43,293187,6141.753,411880104.868
1772132400000,67268.8,67888.0,67246.3,67550.7,9781.421,1772135999999,660912502.2587,262828,5329.739,360145036.9493
1772136000000,67550.7,67790.1,67250.3,67386.5,5013.719,1772139599999,338503003.4659,163016,2311.596,156075143.5155
1772139600000,67386.6,67549.9,67114.0,67432.1,3217.343,1772143199999,216647689.5897,115348,1543.992,103982628.4552
1772143200000,67432.1,67592.9,67269.1,67531.4,2128.634,1772146799999,143578143.866,71456,1023.302,69028653.1909
1772146800000,67531.3,67618.1,67352.3,67448.2,2520.816,1772150399999,170106249.5997,103869,1212.898,81849756.0435
1772150400000,67448.1,67502.9,66959.0,67190.3,5416.236,1772153999999,363901058.063,167068,2509.249,168583433.0339
1772154000000,67190.3,67344.6,66841.6,67315.9,7510.213,1772157599999,503944075.2623,208278,3558.826,238840572.708
1772157600000,67315.9,67500.0,67220.0,67226.5,4414.605,1772161199999,297414876.7895,146507,2173.46,146460428.0803
1772161200000,67226.4,67670.0,67050.0,67557.4,4966.812,1772164799999,334476377.5054,142477,2517.538,169514391.3988
1772164800000,67557.4,68188.8,67533.8,67709.2,11610.448,1772168399999,787540115.1914,252442,5503.064,373385036.5816
1772168400000,67709.1,67887.9,67634.0,67685.8,3511.289,1772171999999,237880741.3999,106705,1809.487,122594186.8322
1772172000000,67685.8,67787.3,67470.0,67617.1,3421.47,1772175599999,231395342.3713,104925,1588.874,107474172.3842
1772175600000,67617.1,67733.7,67417.4,67644.1,4247.954,1772179199999,287001908.7696,124395,2159.074,145893224.5333
1772179200000,67644.1,68050.0,67618.5,67897.4,5538.297,1772182799999,375882789.7266,166988,2951.004,200296801.6331
1772182800000,67897.5,68127.8,67245.0,67318.4,8171.319,1772186399999,553147516.1985,227009,3509.49,237656428.4486
1772186400000,67318.3,67381.0,66540.4,66575.1,17347.378,1772189999999,1160068237.51,341572,8270.158,552898481.1234
1772190000000,66575.2,66762.6,65923.0,66094.1,19157.119,1772193599999,1269809283.7394,381678,8621.25,571409622.3147
1772193600000,66094.0,66198.0,65714.2,65902.4,10737.721,1772197199999,707723160.4589,258445,5049.057,332828581.9567
1772197200000,65902.5,66320.0,65626.1,66240.0,15499.709,1772200799999,1022891085.4983,335974,8389.742,553835022.9014
1772200800000,66240.0,66300.0,65656.0,65855.5,16692.908,1772204399999,1101481989.2851,415337,8384.354,553168299.6298
1772204400000,65855.4,66289.8,65804.8,66072.6,10996.948,1772207999999,726379091.3778,330375,6340.852,418856725.8359
1772208000000,66072.5,66095.2,65433.2,65449.3,13536.014,1772211599999,889792845.389,348588,5738.44,377194489.521
1772211600000,65449.3,65724.3,65080.0,65673.0,12844.531,1772215199999,840054044.2955,387255,6859.638,448728959.3884
1772215200000,65672.9,65772.4,65180.0,65284.8,6397.309,1772218799999,418890504.6911,235444,3154.137,206579795.0908
1772218800000,65284.8,65433.7,65135.3,65365.4,4953.94,1772222399999,323494698.4455,169170,2655.842,173418598.8115
1772222400000,65365.4,65638.0,65365.4,65564.2,4137.96,1772225999999,271199409.0336,155819,2217.152,145311722.3228
1772226000000,65564.3,65721.6,65366.5,65502.3,3322.086,1772229599999,217863217.7949,109310,1740.875,114184802.7628
1772229600000,65502.2,65647.2,64875.6,65609.0,7159.562,1772233199999,467199649.5461,165763,3265.697,213308610.3914
1772233200000,65609.0,65921.7,65517.6,65836.0,4365.536,1772236799999,287220415.6395,120865,2536.817,166916134.8698
1772236800000,65836.0,65990.0,65681.9,65906.3,3731.321,1772240399999,245757673.5923,94913,1961.16,129184392.6307
1772240400000,65906.3,65943.6,65701.2,65747.2,2477.01,1772243999999,163049816.7543,70598,1011.733,66602129.3777
1772244000000,65747.3,65994.7,65734.2,65926.9,1986.768,1772247599999,130918635.4637,58586,1028.053,67752623.6277
1772247600000,65927.0,65949.7,65700.9,65763.8,2469.945,1772251199999,162565344.6732,61935,853.782,56192735.3141
1772251200000,65763.8,65786.8,65441.0,65632.0,4292.979,1772254799999,281691345.0947,86443,1712.45,112375866.5122
1772254800000,65632.1,65700.0,65462.1,65558.6,2751.317,1772258399999,180383591.6988,67430,1266.735,83056360.7298
1772258400000,65558.6,65560.0,62979.5,63173.8,43103.63,1772261999999,2766509810.4727,937901,17687.949,1134719103.8317
1772262000000,63173.8,64298.7,62981.2,63788.4,27050.351,1772265599999,1722992765.0474,573640,13806.329,879550483.9985
1772265600000,63787.4,63851.3,63356.1,63439.7,11400.498,1772269199999,724887112.1008,285554,4906.223,312021211.7409
1772269200000,63439.6,63923.6,63313.9,63621.4,7329.197,1772272799999,466366251.0836,231359,3768.902,239838017.6064
1772272800000,63621.3,64030.0,63377.5,63964.5,7531.393,1772276399999,480211545.9169,210609,3968.149,253147623.223
1772276400000,63964.5,64267.9,63736.0,63810.4,9652.625,1772279999999,617996687.9694,226531,5345.882,342325268.2505
1772280000000,63810.4,64053.3,63782.2,63980.0,4061.843,1772283599999,259653360.1281,129658,2033.274,129983372.736
1772283600000,63979.9,65190.0,63865.6,65069.5,19174.396,1772287199999,1238242743.6511,375670,11360.086,733758140.7688
1772287200000,65069.5,65335.8,64239.3,64402.4,22265.916,1772290799999,1442338609.255,524138,10682.921,692424581.8012
1772290800000,64402.5,64991.8,64175.8,64800.0,10106.884,1772294399999,652549046.9538,273704,5509.908,355826051.2698
1772294400000,64800.1,65170.5,64635.0,65053.8,5441.518,1772297999999,353371681.0021,185404,2953.927,191886022.8927
1772298000000,65053.7,65581.3,64800.0,65395.4,7093.869,1772301599999,461820587.5523,179816,3468.992,226042021.3575
1772301600000,65395.3,66165.8,65139.4,65873.0,11466.289,1772305199999,752480449.0066,321119,6177.809,405541008.3425
1772305200000,65872.9,66642.8,65557.3,66318.1,15159.578,1772308799999,1003162536.0978,386084,8409.089,556505815.9602
1772308800000,66318.1,67138.0,66150.0,66918.6,12499.792,1772312399999,834081166.2172,355496,6944.21,463429781.9863
1772312400000,66918.6,67009.9,66329.7,66684.8,10109.567,1772315999999,673639352.909,271974,4983.444,332141810.3828
1772316000000,66684.8,67735.0,66579.1,67081.4,11439.266,1772319599999,768707756.3691,338343,6289.418,422607896.66
1772319600000,67081.4,67183.3,66688.3,66937.1,5326.834,1772323199999,356568486.5854,162858,2381.84,159444684.2818
1772323200000,66937.0,67089.6,66578.3,66755.6,5453.855,1772326799999,364278666.1558,171222,2318.933,154892312.8078
1772326800000,66755.5,67686.7,65812.0,67311.6,22231.963,1772330399999,1485682589.0891,451697,11333.257,758258488.296
1772330400000,67311.7,68189.0,67305.2,67588.3,21306.568,1772333999999,1445351587.0869,538766,10846.032,735720738.5972
1772334000000,67588.3,67793.4,67351.0,67474.7,7567.478,1772337599999,511193166.0203,218410,3675.339,248344076.7361
1772337600000,67474.8,67582.2,67017.4,67313.0,7115.379,1772341199999,478727678.7546,191562,3325.615,223734380.0185
1772341200000,67313.1,67547.3,67163.5,67264.2,4624.974,1772344799999,311568760.988,124233,2313.737,155896753.4883
1772344800000,67264.2,67320.0,66757.2,66890.1,8291.891,1772348399999,555493898.6158,210347,3221.641,215795993.3697
1772348400000,66890.0,67201.2,66757.9,67113.9,4429.365,1772351999999,296854689.2786,145182,2570.903,172332833.9281
1772352000000,67114.0,67275.5,66429.8,66535.0,7870.48,1772355599999,526044902.8385,231480,3645.691,243742182.3787
1772355600000,66535.0,66745.4,66205.8,66380.1,7940.514,1772359199999,527755365.5784,253259,3824.962,254237111.0766
1772359200000,66380.1,66720.2,66160.4,66430.0,6282.75,1772362799999,417584224.9456,171436,3236.813,215133039.4499
1772362800000,66429.9,66638.0,66344.0,66439.0,3236.298,1772366399999,215154403.3606,90600,1870.687,124369570.0798
1772366400000,66439.0,66525.9,66211.6,66270.6,3458.03,1772369999999,229517659.6532,119014,1716.292,113917827.6619
1772370000000,66270.5,67333.0,66100.0,66907.1,13102.466,1772373599999,874833620.4118,331870,6911.71,461600209.1195
1772373600000,66907.2,67280.0,66702.9,66817.5,8503.088,1772377199999,569143605.9631,331228,4216.05,282261253.8412
1772377200000,66817.5,67219.1,66770.2,66810.8,6402.057,1772380799999,429211525.8586,213984,3287.064,220398061.5422
1772380800000,66810.8,67083.0,65777.0,66112.2,14881.785,1772384399999,987760185.0714,368487,6508.547,432233868.8772
1772384400000,66112.2,66200.0,65681.3,65956.8,10459.874,1772387999999,690074544.1739,303074,5190.065,342470499.574
1772388000000,65956.7,66656.0,65954.2,66288.1,8012.274,1772391599999,531755344.6641,216026,4273.378,283634749.2145
1772391600000,66288.0,66325.8,65750.0,65926.0,5738.349,1772395199999,378663043.6499,150486,2000.713,132077246.4968
1772395200000,65925.9,65932.0,65030.3,65255.7,11496.845,1772398799999,751571572.2762,317349,5077.422,331883262.7428
1772398800000,65255.7,65726.7,65242.0,65629.3,4805.846,1772402399999,314814230.2098,158345,2691.653,176338524.7725
1772402400000,65629.2,66888.0,65011.0,65241.0,16839.769,1772405999999,1107664024.2472,343279,9681.793,637653297.6488
1772406000000,65241.0,66052.6,65092.4,65750.0,9059.538,1772409599999,594840752.6745,310027,5276.388,346290839.9772
1772409600000,65749.9,66766.0,65726.0,66472.5,9209.574,1772413199999,610057871.3528,342243,4962.324,328712588.2585
1772413200000,66472.6,67082.5,66326.7,66500.0,7438.848,1772416799999,496041218.2727,335384,3794.195,253079502.0059
1772416800000,66500.0,66585.0,65842.5,66242.2,6462.206,1772420399999,427607332.7159,242514,2908.796,192483072.3981
1772420400000,66242.2,67014.9,66071.0,66787.3,6935.105,1772423999999,462450930.8434,259575,3810.69,254116639.9878
1772424000000,66787.3,66950.0,66600.1,66825.1,4900.156,1772427599999,327087078.3363,173653,2457.273,164022022.1392
1772427600000,66825.2,66966.0,66513.8,66701.2,4040.023,1772431199999,269644657.9777,153484,1923.683,128408786.1234
1772431200000,66701.2,66703.1,66015.0,66176.9,6189.233,1772434799999,410227247.5254,227743,3010.325,199484542.2279
1772434800000,66176.8,66182.9,65509.0,65981.3,8780.148,1772438399999,577540634.2173,263013,3944.242,259479777.8183
1772438400000,65981.2,66279.2,65612.4,66247.9,7684.981,1772441999999,506562443.4221,254091,3893.562,256732250.3156
1772442000000,66247.9,66707.5,66118.8,66132.3,8485.67,1772445599999,563165629.8166,251465,4285.461,284456052.4172
1772445600000,66132.3,66368.5,66039.6,66284.0,3720.637,1772449199999,246291473.6411,137856,1938.431,128334894.3402
1772449200000,66284.0,66455.7,65973.1,66329.9,5955.186,1772452799999,394078548.6104,180667,2943.03,194779622.7176
1772452800000,66329.8,66369.1,65879.6,65927.8,4353.668,1772456399999,287729011.1641,146510,1959.42,129491951.8599
1772456400000,65927.7,66111.9,65319.9,65412.3,10340.986,1772459999999,679204222.7436,307270,4546.438,298641936.9112
1772460000000,65412.3,67188.0,65234.4,67128.7,27469.276,1772463599999,1821077342.9965,718101,14586.842,967169803.3888
1772463600000,67128.6,69588.0,66911.2,69089.1,58354.38,1772467199999,4000693054.5786,1159625,31357.234,2148965814.9412
1772467200000,69089.1,70100.0,68871.6,69395.6,34435.94,1772470799999,2393757525.9798,721689,18225.58,1267423181.8165
1772470800000,69395.2,69549.2,68757.6,69170.3,14982.278,1772474399999,1036395117.2995,362956,7295.729,504749104.4646
1772474400000,69170.0,69247.1,68700.1,68853.8,9943.864,1772477999999,686174118.7061,277167,4935.446,340565661.7535
1772478000000,68853.8,69039.1,68519.8,68928.4,9926.528,1772481599999,682784533.974,245359,5022.154,345453448.8443
1772481600000,68928.4,69468.4,68529.5,69054.2,11481.181,1772485199999,792407377.0701,332481,5943.174,410237010.8999
1772485200000,69054.1,69500.0,68953.9,69366.9,4924.284,1772488799999,341067607.6381,165688,2704.409,187309388.1759
1772488800000,69366.9,69459.0,69103.0,69414.2,4427.311,1772492399999,306837317.0374,134730,2426.323,168161689.3119
1772492400000,69414.2,69453.8,68700.0,68801.8,6936.569,1772495999999,478520370.5729,201136,3326.446,229452948.0774
1772496000000,68801.8,69132.2,68600.0,69051.9,5873.573,1772499599999,404611555.4285,191640,3060.834,210886862.0396
1772499600000,69051.8,69221.6,68717.4,68724.6,4829.284,1772503199999,332976720.3731,193899,2666.531,183873418.9746
1772503200000,68724.5,68744.0,68142.1,68478.1,10001.474,1772506799999,684407897.3456,264484,4764.319,326050686.7597
1772506800000,68478.0,68516.2,68186.4,68349.3,3949.677,1772510399999,269971254.6954,131688,2069.455,141461603.7757
1772510400000,68349.4,68425.7,68018.0,68093.0,4139.493,1772513999999,282292348.5191,130806,1864.033,127151690.7847
1772514000000,68093.1,68561.9,67801.0,67911.6,9362.483,1772517599999,637843854.2321,229458,4614.325,314511270.7664
1772517600000,67911.6,68248.0,67759.6,68070.0,6540.543,1772521199999,444260594.4842,176289,3515.416,238845976.3576
1772521200000,68070.0,68264.2,67915.2,68138.3,5141.807,1772524799999,350224008.7,157253,2920.946,198963896.5777
1772524800000,68138.2,68281.6,66853.5,66972.7,18782.595,1772528399999,1267346988.8754,381823,8070.417,544712365.7855
1772528400000,66972.8,67157.0,66270.7,66614.5,19131.814,1772531999999,1276839963.1504,402443,9770.743,652294788.8062
1772532000000,66614.4,67035.6,66400.0,66826.3,10902.445,1772535599999,726629560.2629,261805,6166.595,411097143.8225
1772535600000,66826.4,67134.8,66729.0,67000.0,8766.398,1772539199999,586835407.386,244719,4645.841,311052049.1403
1772539200000,67000.0,68000.0,67000.0,67360.1,14562.66,1772542799999,982537116.695,344907,7562.052,510274064.7456
1772542800000,67360.1,67400.0,66600.5,66893.6,11113.994,1772546399999,744135320.4621,302563,4833.137,323569137.8702
1772546400000,66893.7,67559.0,66080.0,66539.9,22608.56,1772549999999,1510136824.161,646728,10896.764,728112503.1152
1772550000000,66539.9,67830.9,66424.1,67692.5,19647.813,1772553599999,1320545914.0886,625405,10132.949,681248757.9008
1772553600000,67692.5,68972.9,67440.0,68137.4,29658.399,1772557199999,2023081786.2887,793438,15640.381,1066880519.266
1772557200000,68137.4,68377.9,67582.6,68280.5,12272.207,1772560799999,834392627.7112,415374,6320.319,429747286.5441
1772560800000,68280.5,68885.0,67934.2,68589.9,9732.567,1772564399999,666440549.3091,333859,5063.07,346697416.9319
1772564400000,68590.0,68845.8,68260.0,68395.9,9839.05,1772567999999,674529553.3229,337984,4847.357,332379041.2233
1772568000000,68395.9,68557.4,68042.4,68232.9,5543.55,1772571599999,378529381.0556,236454,2489.241,169984214.0958
1772571600000,68233.3,68233.3,67778.4,67976.5,5601.34,1772575199999,380718955.7579,155840,2891.001,196506979.6149
1772575200000,67976.5,68485.5,67976.5,68275.1,3828.395,1772578799999,261434234.188,137019,1757.102,119980424.9534
1772578800000,68275.2,68821.5,68206.4,68295.3,5639.779,1772582399999,386348979.6355,160206,3120.412,213786384.1616
1772582400000,68295.2,68383.4,67826.0,68065.8,6011.63,1772585999999,409428893.7672,209192,2889.42,196868867.5288
1772586000000,68065.8,68887.9,67922.4,68377.9,11304.59,1772589599999,773202906.3016,300236,6108.492,417919576.88
1772589600000,68384.6,68419.7,67950.0,68286.0,5555.688,1772593199999,378735226.0529,210037,2615.647,178307263.2677
1772593200000,68286.0,68360.2,67350.0,67700.1,10820.92,1772596799999,733462292.1958,337479,4991.568,338260362.1695
1772596800000,67700.1,67926.9,67421.9,67743.5,8221.984,1772600399999,556183922.4577,238827,4619.957,312533368.329
